/*
 Navicat Premium Data Transfer

 Source Server         : Database
 Source Server Type    : SQL Server
 Source Server Version : 15002080
 Source Host           : DESKTOP-AF28JHA\KTHUC:1433
 Source Catalog        : EXAM_NMCSDL_STANDARD
 Source Schema         : dbo

 Target Server Type    : SQL Server
 Target Server Version : 15002080
 File Encoding         : 65001

 Date: 07/02/2022 14:02:01
*/


-- ----------------------------
-- Table structure for BAC_SI
-- ----------------------------
IF EXISTS (SELECT * FROM sys.all_objects WHERE object_id = OBJECT_ID(N'[dbo].[BAC_SI]') AND type IN ('U'))
	DROP TABLE [dbo].[BAC_SI]
GO

CREATE TABLE [dbo].[BAC_SI] (
  [MA] varchar(6) COLLATE SQL_Latin1_General_CP1_CI_AS  NOT NULL,
  [HO_TEN] nvarchar(100) COLLATE SQL_Latin1_General_CP1_CI_AS  NULL,
  [BANG_CAP_CHUYEN_MON] nvarchar(100) COLLATE SQL_Latin1_General_CP1_CI_AS  NULL,
  [DIA_CHI] nvarchar(255) COLLATE SQL_Latin1_General_CP1_CI_AS  NULL
)
GO

ALTER TABLE [dbo].[BAC_SI] SET (LOCK_ESCALATION = TABLE)
GO


-- ----------------------------
-- Records of BAC_SI
-- ----------------------------
INSERT INTO [dbo].[BAC_SI] ([MA], [HO_TEN], [BANG_CAP_CHUYEN_MON], [DIA_CHI]) VALUES (N'BS01', N'Nguyễn Thanh Tuấn', N'Trưởng khoa ngoại', N'260 Bệnh viện Đa khoa thành phố Thủ Đức')
GO

INSERT INTO [dbo].[BAC_SI] ([MA], [HO_TEN], [BANG_CAP_CHUYEN_MON], [DIA_CHI]) VALUES (N'BS02', N'Phạm Minh Tâm', N'Trưởng khoa da liễu', N'260 Bệnh viện Đa khoa thành phố Thủ Đức')
GO


-- ----------------------------
-- Table structure for BAC_SI_SDT
-- ----------------------------
IF EXISTS (SELECT * FROM sys.all_objects WHERE object_id = OBJECT_ID(N'[dbo].[BAC_SI_SDT]') AND type IN ('U'))
	DROP TABLE [dbo].[BAC_SI_SDT]
GO

CREATE TABLE [dbo].[BAC_SI_SDT] (
  [MA] varchar(6) COLLATE SQL_Latin1_General_CP1_CI_AS  NOT NULL,
  [SDT] char(10) COLLATE SQL_Latin1_General_CP1_CI_AS  NOT NULL
)
GO

ALTER TABLE [dbo].[BAC_SI_SDT] SET (LOCK_ESCALATION = TABLE)
GO


-- ----------------------------
-- Records of BAC_SI_SDT
-- ----------------------------
INSERT INTO [dbo].[BAC_SI_SDT] ([MA], [SDT]) VALUES (N'BS01', N'0825282992')
GO

INSERT INTO [dbo].[BAC_SI_SDT] ([MA], [SDT]) VALUES (N'BS01', N'0846122520')
GO

INSERT INTO [dbo].[BAC_SI_SDT] ([MA], [SDT]) VALUES (N'BS02', N'0866551689')
GO


-- ----------------------------
-- Table structure for CHI_TIET_LICH_TIEM
-- ----------------------------
IF EXISTS (SELECT * FROM sys.all_objects WHERE object_id = OBJECT_ID(N'[dbo].[CHI_TIET_LICH_TIEM]') AND type IN ('U'))
	DROP TABLE [dbo].[CHI_TIET_LICH_TIEM]
GO

CREATE TABLE [dbo].[CHI_TIET_LICH_TIEM] (
  [MA_LICH_TIEM] varchar(6) COLLATE SQL_Latin1_General_CP1_CI_AS  NOT NULL,
  [MA_BAC_SI] varchar(6) COLLATE SQL_Latin1_General_CP1_CI_AS  NOT NULL,
  [MA_KHACH_HANG] varchar(6) COLLATE SQL_Latin1_General_CP1_CI_AS  NOT NULL,
  [STT_MUI_TIEM] int  NULL,
  [NGAY_NHAC_LAI] date DEFAULT NULL NULL,
  [GHI_CHU] nvarchar(255) COLLATE SQL_Latin1_General_CP1_CI_AS  NULL
)
GO

ALTER TABLE [dbo].[CHI_TIET_LICH_TIEM] SET (LOCK_ESCALATION = TABLE)
GO


-- ----------------------------
-- Records of CHI_TIET_LICH_TIEM
-- ----------------------------
INSERT INTO [dbo].[CHI_TIET_LICH_TIEM] ([MA_LICH_TIEM], [MA_BAC_SI], [MA_KHACH_HANG], [STT_MUI_TIEM], [NGAY_NHAC_LAI], [GHI_CHU]) VALUES (N'LT01', N'BS01', N'KH01', N'4', NULL, N'Tốt')
GO

INSERT INTO [dbo].[CHI_TIET_LICH_TIEM] ([MA_LICH_TIEM], [MA_BAC_SI], [MA_KHACH_HANG], [STT_MUI_TIEM], [NGAY_NHAC_LAI], [GHI_CHU]) VALUES (N'LT01', N'BS01', N'KH02', N'2', N'2021-01-15', N'Đau buốt bả vai')
GO

INSERT INTO [dbo].[CHI_TIET_LICH_TIEM] ([MA_LICH_TIEM], [MA_BAC_SI], [MA_KHACH_HANG], [STT_MUI_TIEM], [NGAY_NHAC_LAI], [GHI_CHU]) VALUES (N'LT01', N'BS02', N'KH03', N'4', NULL, N'Tốt')
GO

INSERT INTO [dbo].[CHI_TIET_LICH_TIEM] ([MA_LICH_TIEM], [MA_BAC_SI], [MA_KHACH_HANG], [STT_MUI_TIEM], [NGAY_NHAC_LAI], [GHI_CHU]) VALUES (N'LT03', N'BS02', N'KH02', N'3', N'2021-04-11', N'Tốt')
GO


-- ----------------------------
-- Table structure for CHI_TIET_VACCIN
-- ----------------------------
IF EXISTS (SELECT * FROM sys.all_objects WHERE object_id = OBJECT_ID(N'[dbo].[CHI_TIET_VACCIN]') AND type IN ('U'))
	DROP TABLE [dbo].[CHI_TIET_VACCIN]
GO

CREATE TABLE [dbo].[CHI_TIET_VACCIN] (
  [MA_VACCIN] varchar(6) COLLATE SQL_Latin1_General_CP1_CI_AS  NOT NULL,
  [MA_LO] varchar(10) COLLATE SQL_Latin1_General_CP1_CI_AS  NOT NULL,
  [TEN] varchar(50) COLLATE SQL_Latin1_General_CP1_CI_AS  NULL,
  [NGAY_SAN_XUAT] date  NULL,
  [NGAY_HET_HAN] date  NULL,
  [SO_LIEU_DAT_HIEU_QUA] int  NULL,
  [DO_TUOI_TIEM_CHUNG] int  NULL
)
GO

ALTER TABLE [dbo].[CHI_TIET_VACCIN] SET (LOCK_ESCALATION = TABLE)
GO


-- ----------------------------
-- Records of CHI_TIET_VACCIN
-- ----------------------------
INSERT INTO [dbo].[CHI_TIET_VACCIN] ([MA_VACCIN], [MA_LO], [TEN], [NGAY_SAN_XUAT], [NGAY_HET_HAN], [SO_LIEU_DAT_HIEU_QUA], [DO_TUOI_TIEM_CHUNG]) VALUES (N'VC01', N'PCA0016', N'mRNA-4107', N'2020-12-15', N'2021-01-14', N'2', N'12')
GO

INSERT INTO [dbo].[CHI_TIET_VACCIN] ([MA_VACCIN], [MA_LO], [TEN], [NGAY_SAN_XUAT], [NGAY_HET_HAN], [SO_LIEU_DAT_HIEU_QUA], [DO_TUOI_TIEM_CHUNG]) VALUES (N'VC01', N'PCA0017', N'mRNA-1273', N'2020-11-29', N'2020-12-30', N'2', N'5')
GO

INSERT INTO [dbo].[CHI_TIET_VACCIN] ([MA_VACCIN], [MA_LO], [TEN], [NGAY_SAN_XUAT], [NGAY_HET_HAN], [SO_LIEU_DAT_HIEU_QUA], [DO_TUOI_TIEM_CHUNG]) VALUES (N'VC02', N'MDA0015', N'BNT162b2', N'2020-12-21', N'2021-01-20', N'2', N'14')
GO

INSERT INTO [dbo].[CHI_TIET_VACCIN] ([MA_VACCIN], [MA_LO], [TEN], [NGAY_SAN_XUAT], [NGAY_HET_HAN], [SO_LIEU_DAT_HIEU_QUA], [DO_TUOI_TIEM_CHUNG]) VALUES (N'VC02', N'MDA0016', N'BNT181c3', N'2021-12-01', N'2021-12-30', N'2', N'18')
GO


-- ----------------------------
-- Table structure for KHACH_HANG
-- ----------------------------
IF EXISTS (SELECT * FROM sys.all_objects WHERE object_id = OBJECT_ID(N'[dbo].[KHACH_HANG]') AND type IN ('U'))
	DROP TABLE [dbo].[KHACH_HANG]
GO

CREATE TABLE [dbo].[KHACH_HANG] (
  [MA] varchar(6) COLLATE SQL_Latin1_General_CP1_CI_AS  NOT NULL,
  [HO_TEN] nvarchar(100) COLLATE SQL_Latin1_General_CP1_CI_AS  NULL,
  [NGAY_SINH] date  NULL,
  [DIA_CHI] nvarchar(255) COLLATE SQL_Latin1_General_CP1_CI_AS  NULL
)
GO

ALTER TABLE [dbo].[KHACH_HANG] SET (LOCK_ESCALATION = TABLE)
GO


-- ----------------------------
-- Records of KHACH_HANG
-- ----------------------------
INSERT INTO [dbo].[KHACH_HANG] ([MA], [HO_TEN], [NGAY_SINH], [DIA_CHI]) VALUES (N'KH01', N'Đỗ Linh Lung', N'1999-02-03', N'Tổ 4 khu A')
GO

INSERT INTO [dbo].[KHACH_HANG] ([MA], [HO_TEN], [NGAY_SINH], [DIA_CHI]) VALUES (N'KH02', N'Nguyễn Hồng Trang', N'2015-01-02', N'Tổ 5 khu A')
GO

INSERT INTO [dbo].[KHACH_HANG] ([MA], [HO_TEN], [NGAY_SINH], [DIA_CHI]) VALUES (N'KH03', N'Phạm Vương Trung', N'2002-02-12', N'Tổ 6 khu B')
GO

INSERT INTO [dbo].[KHACH_HANG] ([MA], [HO_TEN], [NGAY_SINH], [DIA_CHI]) VALUES (N'KH04', N'Lê Quang Thái', N'2000-12-22', N'Tổ 2 khu D')
GO


-- ----------------------------
-- Table structure for LICH_TIEM
-- ----------------------------
IF EXISTS (SELECT * FROM sys.all_objects WHERE object_id = OBJECT_ID(N'[dbo].[LICH_TIEM]') AND type IN ('U'))
	DROP TABLE [dbo].[LICH_TIEM]
GO

CREATE TABLE [dbo].[LICH_TIEM] (
  [MA] varchar(6) COLLATE SQL_Latin1_General_CP1_CI_AS  NOT NULL,
  [MA_VACCIN] varchar(6) COLLATE SQL_Latin1_General_CP1_CI_AS  NULL,
  [NGAY_TIEM] date  NULL
)
GO

ALTER TABLE [dbo].[LICH_TIEM] SET (LOCK_ESCALATION = TABLE)
GO


-- ----------------------------
-- Records of LICH_TIEM
-- ----------------------------
INSERT INTO [dbo].[LICH_TIEM] ([MA], [MA_VACCIN], [NGAY_TIEM]) VALUES (N'LT01', N'VC01', N'2020-12-01')
GO

INSERT INTO [dbo].[LICH_TIEM] ([MA], [MA_VACCIN], [NGAY_TIEM]) VALUES (N'LT02', N'VC01', N'2020-12-10')
GO

INSERT INTO [dbo].[LICH_TIEM] ([MA], [MA_VACCIN], [NGAY_TIEM]) VALUES (N'LT03', N'VC02', N'2021-01-01')
GO

INSERT INTO [dbo].[LICH_TIEM] ([MA], [MA_VACCIN], [NGAY_TIEM]) VALUES (N'LT04', N'VC02', N'2021-04-01')
GO


-- ----------------------------
-- Table structure for NGUOI_LON
-- ----------------------------
IF EXISTS (SELECT * FROM sys.all_objects WHERE object_id = OBJECT_ID(N'[dbo].[NGUOI_LON]') AND type IN ('U'))
	DROP TABLE [dbo].[NGUOI_LON]
GO

CREATE TABLE [dbo].[NGUOI_LON] (
  [MA] varchar(6) COLLATE SQL_Latin1_General_CP1_CI_AS  NOT NULL,
  [SDT] char(10) COLLATE SQL_Latin1_General_CP1_CI_AS  NOT NULL
)
GO

ALTER TABLE [dbo].[NGUOI_LON] SET (LOCK_ESCALATION = TABLE)
GO


-- ----------------------------
-- Records of NGUOI_LON
-- ----------------------------
INSERT INTO [dbo].[NGUOI_LON] ([MA], [SDT]) VALUES (N'KH01', N'0836215662')
GO

INSERT INTO [dbo].[NGUOI_LON] ([MA], [SDT]) VALUES (N'KH04', N'0821151277')
GO

INSERT INTO [dbo].[NGUOI_LON] ([MA], [SDT]) VALUES (N'KH04', N'0862127712')
GO


-- ----------------------------
-- Table structure for NGUOI_THAN
-- ----------------------------
IF EXISTS (SELECT * FROM sys.all_objects WHERE object_id = OBJECT_ID(N'[dbo].[NGUOI_THAN]') AND type IN ('U'))
	DROP TABLE [dbo].[NGUOI_THAN]
GO

CREATE TABLE [dbo].[NGUOI_THAN] (
  [MA] varchar(6) COLLATE SQL_Latin1_General_CP1_CI_AS  NOT NULL,
  [HO_TEN] nvarchar(100) COLLATE SQL_Latin1_General_CP1_CI_AS  NULL,
  [QUAN_HE] nvarchar(100) COLLATE SQL_Latin1_General_CP1_CI_AS  NULL
)
GO

ALTER TABLE [dbo].[NGUOI_THAN] SET (LOCK_ESCALATION = TABLE)
GO


-- ----------------------------
-- Records of NGUOI_THAN
-- ----------------------------
INSERT INTO [dbo].[NGUOI_THAN] ([MA], [HO_TEN], [QUAN_HE]) VALUES (N'NT01', N'Nguyễn Thu', N'Mẹ')
GO

INSERT INTO [dbo].[NGUOI_THAN] ([MA], [HO_TEN], [QUAN_HE]) VALUES (N'NT02', N'Lê Anh Hoàn', N'Chú')
GO


-- ----------------------------
-- Table structure for NGUOI_THAN_SDT
-- ----------------------------
IF EXISTS (SELECT * FROM sys.all_objects WHERE object_id = OBJECT_ID(N'[dbo].[NGUOI_THAN_SDT]') AND type IN ('U'))
	DROP TABLE [dbo].[NGUOI_THAN_SDT]
GO

CREATE TABLE [dbo].[NGUOI_THAN_SDT] (
  [MA] varchar(6) COLLATE SQL_Latin1_General_CP1_CI_AS  NOT NULL,
  [SDT] char(10) COLLATE SQL_Latin1_General_CP1_CI_AS  NOT NULL
)
GO

ALTER TABLE [dbo].[NGUOI_THAN_SDT] SET (LOCK_ESCALATION = TABLE)
GO


-- ----------------------------
-- Records of NGUOI_THAN_SDT
-- ----------------------------
INSERT INTO [dbo].[NGUOI_THAN_SDT] ([MA], [SDT]) VALUES (N'NT01', N'0841234567')
GO

INSERT INTO [dbo].[NGUOI_THAN_SDT] ([MA], [SDT]) VALUES (N'NT02', N'0835132561')
GO

INSERT INTO [dbo].[NGUOI_THAN_SDT] ([MA], [SDT]) VALUES (N'NT02', N'0844412209')
GO


-- ----------------------------
-- Table structure for NHA_SAN_XUAT
-- ----------------------------
IF EXISTS (SELECT * FROM sys.all_objects WHERE object_id = OBJECT_ID(N'[dbo].[NHA_SAN_XUAT]') AND type IN ('U'))
	DROP TABLE [dbo].[NHA_SAN_XUAT]
GO

CREATE TABLE [dbo].[NHA_SAN_XUAT] (
  [MA] varchar(10) COLLATE SQL_Latin1_General_CP1_CI_AS  NOT NULL,
  [TEN] varchar(50) COLLATE SQL_Latin1_General_CP1_CI_AS  NULL
)
GO

ALTER TABLE [dbo].[NHA_SAN_XUAT] SET (LOCK_ESCALATION = TABLE)
GO


-- ----------------------------
-- Records of NHA_SAN_XUAT
-- ----------------------------
INSERT INTO [dbo].[NHA_SAN_XUAT] ([MA], [TEN]) VALUES (N'MODERNA', N'ModernaTX')
GO

INSERT INTO [dbo].[NHA_SAN_XUAT] ([MA], [TEN]) VALUES (N'PFIZER', N'Pfizer')
GO


-- ----------------------------
-- Table structure for sysdiagrams
-- ----------------------------
IF EXISTS (SELECT * FROM sys.all_objects WHERE object_id = OBJECT_ID(N'[dbo].[sysdiagrams]') AND type IN ('U'))
	DROP TABLE [dbo].[sysdiagrams]
GO

CREATE TABLE [dbo].[sysdiagrams] (
  [name] sysname  NOT NULL,
  [principal_id] int  NOT NULL,
  [diagram_id] int  IDENTITY(1,1) NOT NULL,
  [version] int  NULL,
  [definition] varbinary(max)  NULL
)
GO

ALTER TABLE [dbo].[sysdiagrams] SET (LOCK_ESCALATION = TABLE)
GO


-- ----------------------------
-- Records of sysdiagrams
-- ----------------------------
SET IDENTITY_INSERT [dbo].[sysdiagrams] ON
GO

INSERT INTO [dbo].[sysdiagrams] ([name], [principal_id], [diagram_id], [version], [definition]) VALUES (N'ERD', N'1', N'1', N'1', 0xD0CF11E0A1B11AE1000000000000000000000000000000003E000300FEFF0900060000000000000000000000010000000100000000000000001000006400000001000000FEFFFFFF0000000000000000FFFFFFFFFFFFFFFFFFFFFFFFFFFFFFFFFFFFFFFFFFFFFFFFFFFFFFFFFFFFFFFFFFFFFFFFFFFFFFFFFFFFFFFFFFFFFFFFFFFFFFFFFFFFFFFFFFFFFFFFFFFFFFFFFFFFFFFFFFFFFFFFFFFFFFFFFFFFFFFFFFFFFFFFFFFFFFFFFFFFFFFFFFFFFFFFFFFFFFFFFFFFFFFFFFFFFFFFFFFFFFFFFFFFFFFFFFFFFFFFFFFFFFFFFFFFFFFFFFFFFFFFFFFFFFFFFFFFFFFFFFFFFFFFFFFFFFFFFFFFFFFFFFFFFFFFFFFFFFFFFFFFFFFFFFFFFFFFFFFFFFFFFFFFFFFFFFFFFFFFFFFFFFFFFFFFFFFFFFFFFFFFFFFFFFFFFFFFFFFFFFFFFFFFFFFFFFFFFFFFFFFFFFFFFFFFFFFFFFFFFFFFFFFFFFFFFFFFFFFFFFFFFFFFFFFFFFFFFFFFFFFFFFFFFFFFFFFFFFFFFFFFFFFFFFFFFFFFFFFFFFFFFFFFFFFFFFFFFFFFFFFFFFFFFFFFFFFFFFFFFFFFFFFFFFFFFFFFFFFFFFFFFFFFFFFFFFFFFFFFFFFFFFFFFFFFFFFFFFFFFFFFFFFFFFFFFFFFFFFFFFFFFFFFFFFFFFFFFFFFFFFFFFFFFFFFFFFFFFFFFFFFFFFFFFFFFFFFFFFFFFFFFFFFFFFFFFFFFFFFFFFFFFFFFFFFFFFFFFFFFFFFFFFFFFFFFFFFFFFFFFFFFFFFFFFFFFFFFFFFFFFFFFFFFFFFFFFFFFFFFFFFFFFFFFFFFFFFFFFFFFFFFFFFFFFFFFFFFFFFFFFFFFFFFFFFFFFFFFFFFFFFFDFFFFFF68000000030000000400000005000000060000000700000008000000090000000A0000000B0000000C0000000D0000000E0000000F000000100000001100000012000000130000001400000015000000160000001700000018000000190000001A0000001B0000001C0000001D0000001E0000001F000000200000002100000022000000230000002400000025000000260000002700000028000000290000002A0000002B0000002C0000002D0000002E0000002F000000300000003100000032000000330000003400000035000000360000003700000038000000390000003A0000003B0000003C0000003D0000003E0000003F000000400000004100000042000000430000004400000045000000460000004700000048000000490000004A0000004B0000004C0000004D0000004E0000004F000000500000005100000052000000530000005400000055000000560000005700000058000000590000005A0000005B0000005C0000005D0000005E0000005F00000060000000610000006200000063000000FEFFFFFFFEFFFFFF6600000067000000FEFFFFFFFEFFFFFFFFFFFFFFFFFFFFFFFFFFFFFFFFFFFFFFFFFFFFFFFFFFFFFFFFFFFFFFFFFFFFFFFFFFFFFFFFFFFFFFFFFFFFFFFFFFFFFFFFFFFFFFFFFFFFFFFFFFFFFFFFFFFFFFFFFFFFFFFFFFFFFFFFFFFFFFFFFFFFFFFFFFFFFFFFFFFFFFFFFFFFFF52006F006F007400200045006E00740072007900000000000000000000000000000000000000000000000000000000000000000000000000000000000000000016000500FFFFFFFFFFFFFFFF0200000000000000000000000000000000000000000000000000000000000000008DCD000F1BD80165000000000500000000000044006400730058004D004C00530074007200650061006D00000000000000000000000000000000000000000000000000000000000000000000000000000000001A000201FFFFFFFFFFFFFFFFFFFFFFFF000000000000000000000000000000000000000000000000000000000000000000000000020000002DC200000000000053006300680065006D00610020005500440056002000440065006600610075006C00740000000000000000000000000000000000000000000000000000000000260002010100000003000000FFFFFFFF000000000000000000000000000000000000000000000000000000000000000000000000000000001600000000000000440053005200450046002D0053004300480045004D0041002D0043004F004E00540045004E0054005300000000000000000000000000000000000000000000002C000201FFFFFFFF04000000FFFFFFFF0000000000000000000000000000000000000000000000000000000000000000000000000100000074040000000000003C6464733E3C6469616772616D20666F6E74636C7369643D227B37374432433932442D373737392D313144382D393037302D3030303635423834304439437D22206D6F75736569636F6E636C7369643D227B30424533353230342D384639312D313143452D394445332D3030414130303442423835317D222064656661756C746C61796F75743D224D534444532E52656374696C696E656172222064656661756C746C696E65726F7574653D224D534444532E52656374696C696E656172222076657273696F6E3D223722206E6578746F626A6563743D22333222207363616C653D22313030222070616765627265616B616E63686F72783D2230222070616765627265616B616E63686F72793D2230222070616765627265616B73697A65783D2230222070616765627265616B73697A65793D223022207363726F6C6C6C6566743D222D313531363122207363726F6C6C746F703D2234303839222067726964783D22313530222067726964793D2231353022206D617267696E783D223530303022206D617267696E793D223530303022207A6F6F6D3D2235302220783D2233303737312220793D22313835323122206261636B636F6C6F723D222D32313437343833363433222064656661756C7470657273697374656E63653D223322205072696E74506167654E756D626572734D6F64653D223322205072696E744D617267696E546F703D223022205072696E744D617267696E426F74746F6D3D2236333522205072696E744D617267696E4C6566743D223022205072696E744D617267696E52696768743D223022206D61727175656573656C656374696F6E6D6F64653D223122206D6F757365706F696E7465723D22302220736E6170746F677269643D223122206175746F74797065616E6E6F746174696F6E3D2231222073686F777363726F6C6C626172733D223122207669657770616765627265616B733D22302220646F6E6F74666F726365636F6E6E6563746F7273626568696E647368617065733D2231223E3C666F6E743E3C646473786D6C6F626A65637473747265616D777261707065722062696E6172793D22303030303038303033303030303030303030303230303030222F3E3C2F666F6E743E3C6D6F75736569636F6E3E3C646473786D6C6F626A65637473747265616D777261707065722062696E6172793D2236633734303030303030303030303030222F3E3C2F6D6F75736569636F6E3E3C2F6469616772616D3E3C6C61796F75746D616E616765723E3C646473786D6C6F626A3E3C70726F7065727479206E616D653D227363685F6C6162656C735F76697369626C65222076616C75653D22302220766172747970653D223131222F3E3C2F646473786D6C6F626A3E3C2F6C61796F75746D616E616765723E3C646473636F6E74726F6C20636F6E74726F6C70726F6769643D227B36323341433037352D324337372D343837332D383833442D3933304234333634423442437D2220746F6F6C7469703D224241435F534922206C6566743D22383235302220746F703D22333135303022206C6F676963616C69643D22312220636F6E74726F6C69643D223122206D617374657269643D2230222068696E74313D2230222068696E74323D2230222077696474683D223537363822206865696768743D223337333122206E6F726573697A653D223022206E6F6D6F76653D223022206E6F64656661756C74617474616368706F696E74733D223022206175746F647261673D2230222075736564656661756C7469646473686170653D2230222073656C65637461626C653D2231222073686F7773656C656374696F6E68616E646C65733D22302220616C6C6F776E756467696E673D223122206973616E6E6F746174696F6E3D22302220646F6E746175746F6C61796F75743D2230222067726F7570636F6C6C61707365643D2230222074616273746F703D2231222076697369626C653D22312220736E6170746F677269643D2231223E3C636F6E74726F6C3E3C646473786D6C6F626A65637473747265616D696E6974777261707065722062696E6172793D223231343333343132303830303030303038383136303030303933306530303030373835363334313230373030303030303134303130303030343230303431303034333030356630303533303034393030303030303635323230313030303030303030303030303030303030303030303030303030303030303030303030303030303030303030303030303030303030303030303030303030303030303030303030303030303030303030303030303030303030303030303030303030303030303030303030303030303030303030303030303030303030303030303030303030303030303030303030303030303030303030303030303030303130303030303030303030303030303030303030303030336230303030303030303030303030303030303030303030303030303030303030303030303030303363303130303030303030303030303030303030303030303030303030303030613831643566323230303030303030303030303030303030303030303030303030303030303030303030303030303030303030303030303030303030303030303030303030303030303030303030303030303030303030303030303030303030303030303030303030303030303030303030303030303030303030303030303030303030303030303030303030303030303030303030303030303030303030303030303030303030303030303030303030303030303030303030303030303030303030303030303030303030303030303031303030303030303530303030303035343030303030303263303030303030326330303030303032633030303030303334303030303030303030303030303030303030303030303232323930303030363531353030303030303030303030303264303130303030303730303030303030633030303030303037303030303030316330313030303030363039303030303632303730303030613430313030303030643032303030303737303130303030656330343030303031623033303030306530303130303030316230333030303065643033303030306232303230303030303030303030303030313030303030303838313630303030393330653030303030303030303030303034303030303030303430303030303030323030303030303032303030303030316330313030303061633038303030303030303030303030303130303030303033393133303030303761303530303030303030303030303030313030303030303031303030303030303230303030303030323030303030303163303130303030303630393030303030313030303030303030303030303030333931333030303033343033303030303030303030303030303030303030303030303030303030303032303030303030303230303030303031633031303030303036303930303030303030303030303030303030303030306431333130303030303932333030303030303030303030303030303030303030306430303030303030343030303030303034303030303030316330313030303030363039303030306161306130303030393030363030303037383536333431323034303030303030353630303030303030313030303030303031303030303030306230303030303030303030303030303031303030303030303230303030303030333030303030303034303030303030303530303030303030363030303030303037303030303030303830303030303030393030303030303061303030303030303430303030303036343030363230303666303030303030303730303030303034323030343130303433303035663030353330303439303030303030222F3E3C2F636F6E74726F6C3E3C6C61796F75746F626A6563743E3C646473786D6C6F626A3E3C70726F7065727479206E616D653D224163746976655461626C65566965774D6F6465222076616C75653D22312220766172747970653D2238222F3E3C70726F7065727479206E616D653D225461626C65566965774D6F64653A30222076616C75653D22342C302C3238342C302C323331302C312C313839302C352C313236302220766172747970653D2238222F3E3C70726F7065727479206E616D653D225461626C65566965774D6F64653A31222076616C75653D22322C302C3238342C302C323232302220766172747970653D2238222F3E3C70726F7065727479206E616D653D225461626C65566965774D6F64653A32222076616C75653D22322C302C3238342C302C323331302220766172747970653D2238222F3E3C70726F7065727479206E616D653D225461626C65566965774D6F64653A33222076616C75653D22322C302C3238342C302C323331302220766172747970653D2238222F3E3C70726F7065727479206E616D653D225461626C65566965774D6F64653A34222076616C75653D22342C302C3238342C302C323331302C31322C323733302C31312C313638302220766172747970653D2238222F3E3C2F646473786D6C6F626A3E3C2F6C61796F75746F626A6563743E3C73686170652067726F7570736861706569643D2230222067726F75706E6F64653D2230222F3E3C2F646473636F6E74726F6C3E3C646473636F6E74726F6C20636F6E74726F6C70726F6769643D227B36323341433037352D324337372D343837332D383833442D3933304234333634423442437D2220746F6F6C7469703D224241435F53495F53445422206C6566743D222D3135302220746F703D22333136353022206C6F676963616C69643D22322220636F6E74726F6C69643D223222206D617374657269643D2230222068696E74313D2230222068696E74323D2230222077696474683D223537363822206865696768743D223234363122206E6F726573697A653D223022206E6F6D6F76653D223022206E6F64656661756C74617474616368706F696E74733D223022206175746F647261673D2230222075736564656661756C7469646473686170653D2230222073656C65637461626C653D2231222073686F7773656C656374696F6E68616E646C65733D22302220616C6C6F776E756467696E673D223122206973616E6E6F746174696F6E3D22302220646F6E746175746F6C61796F75743D2230222067726F7570636F6C6C61707365643D2230222074616273746F703D2231222076697369626C653D22312220736E6170746F677269643D2231223E3C636F6E74726F6C3E3C646473786D6C6F626A65637473747265616D696E6974777261707065722062696E6172793D22323134333334313230383030303030303838313630303030396430393030303037383536333431323037303030303030313430313030303034323030343130303433303035663030353330303439303035663030353330303434303035343030303030303030303034663030303030303835303030303030303130303030303030333030303030303035303030303030653066666666666630303030303030303831303030303030383530303030303030333030303030303030303030303030303030303030303065306666666666663030303030303030386330303030303039333030303030303031303030303030303330303030303030353030303030306530666666666666303030303030303061313030303030306266303030303030303130303030303030333030303030303035303030303030653066666666666630303030303030303437303030303030626630303030303030383030303030303033303030303030303530303030303064346666666666663030303030303030346330303030303032653031303030303037303030303030303330303030303030353030303030306438666666666666303030303030303035323030303030303265303130303030303630303030303030333030303030303035303030303030646366666666666630303030303030303066303030303030363130313030303030303030303030303033303030303030303530303030303030303030303030303030303030303030303130303030303030353030303030303534303030303030326330303030303032633030303030303263303030303030333430303030303030303030303030303030303030303030323232393030303036353135303030303030303030303030326430313030303030373030303030303063303030303030303730303030303031633031303030303036303930303030363230373030303061343031303030303064303230303030373730313030303065633034303030303162303330303030653030313030303031623033303030306564303330303030623230323030303030303030303030303031303030303030383831363030303039643039303030303030303030303030303230303030303030323030303030303032303030303030303230303030303031633031303030306161306130303030303030303030303030313030303030303339313330303030633030373030303030303030303030303032303030303030303230303030303030323030303030303032303030303030316330313030303030363039303030303031303030303030303030303030303033393133303030303334303330303030303030303030303030303030303030303030303030303030303230303030303030323030303030303163303130303030303630393030303030303030303030303030303030303030643133313030303030393233303030303030303030303030303030303030303030643030303030303034303030303030303430303030303031633031303030303036303930303030616130613030303039303036303030303738353633343132303430303030303035653030303030303031303030303030303130303030303030623030303030303030303030303030303130303030303030323030303030303033303030303030303430303030303030353030303030303036303030303030303730303030303030383030303030303039303030303030306130303030303030343030303030303634303036323030366630303030303030623030303030303432303034313030343330303566303035333030343930303566303035333030343430303534303030303030222F3E3C2F636F6E74726F6C3E3C6C61796F75746F626A6563743E3C646473786D6C6F626A3E3C70726F7065727479206E616D653D224163746976655461626C65566965774D6F6465222076616C75653D22312220766172747970653D2238222F3E3C70726F7065727479206E616D653D225461626C65566965774D6F64653A30222076616C75653D22342C302C3238342C302C323331302C312C313839302C352C313236302220766172747970653D2238222F3E3C70726F7065727479206E616D653D225461626C65566965774D6F64653A31222076616C75653D22322C302C3238342C302C323733302220766172747970653D2238222F3E3C70726F7065727479206E616D653D225461626C65566965774D6F64653A32222076616C75653D22322C302C3238342C302C323331302220766172747970653D2238222F3E3C70726F7065727479206E616D653D225461626C65566965774D6F64653A33222076616C75653D22322C302C3238342C302C323331302220766172747970653D2238222F3E3C70726F7065727479206E616D653D225461626C65566965774D6F64653A34222076616C75653D22342C302C3238342C302C323331302C31322C323733302C31312C313638302220766172747970653D2238222F3E3C2F646473786D6C6F626A3E3C2F6C61796F75746F626A6563743E3C73686170652067726F7570736861706569643D2230222067726F75706E6F64653D2230222F3E3C2F646473636F6E74726F6C3E3C646473636F6E74726F6C2073656D616E746963636F6F6B69653D22303161656533333130313030303030303634303036323030366630303030303034363030346230303566303035663030343230303431303034333030356630303533303034393030356630303533303034343030353430303566303035663030346430303431303035663030356630303335303034313030343530303435303033383030333230303432303033393030303030302220636F6E74726F6C70726F6769643D224D534444532E506F6C796C696E652E3038302E312220746F6F6C7469703D2252656C6174696F6E736869702027464B5F5F4241435F53495F5344545F5F4D415F5F354145453832423927206265747765656E20274241435F53492720616E6420274241435F53495F5344542722206C6566743D22353331382220746F703D22333234343322206C6F676963616C69643D22332220636F6E74726F6C69643D223322206D617374657269643D2230222068696E74313D2230222068696E74323D2230222077696474683D223332333222206865696768743D2238313522206E6F726573697A653D223022206E6F6D6F76653D223022206E6F64656661756C74617474616368706F696E74733D223122206175746F647261673D2230222075736564656661756C7469646473686170653D2230222073656C65637461626C653D2231222073686F7773656C656374696F6E68616E646C65733D22302220616C6C6F776E756467696E673D223122206973616E6E6F746174696F6E3D22302220646F6E746175746F6C61796F75743D2230222067726F7570636F6C6C61707365643D2230222074616273746F703D2231222076697369626C653D22312220736E6170746F677269643D2230223E3C636F6E74726F6C3E3C646473786D6C6F626A3E3C706F6C796C696E6520656E64747970656473743D22302220656E64747970657372633D2232222075736572636F6C6F723D22313537393033323022206C696E657374796C653D223022206C696E6572656E6465723D22302220637573746F6D656E647479706564737469643D22302220637573746F6D656E647479706573726369643D2230222061646F726E7376697369626C653D2231223E3C61646F726E6D656E742070657263656E74706F733D2235372E313334323932353635393437322220636F6E74726F6C69643D2234222077696474683D223439383822206865696768743D223334342220736964653D223022206265686176696F723D2233222068696D65747269633D223135303322206469737466726F6D6C696E653D22313735222073746172746F626A3D22302220783D22343630372220793D223332333331222076697369626C653D22302220616C6C6F776F7665726C61703D2231222075736570657263656E743D2231222F3E3C2F706F6C796C696E653E3C2F646473786D6C6F626A3E3C2F636F6E74726F6C3E3C6C61796F75746F626A6563743E3C646473786D6C6F626A2F3E3C2F6C61796F75746F626A6563743E3C636F6E6E6563746F7220736F7572636569643D223122206465737469643D22322220736F75726365617474616368706F696E743D223930222064657374617474616368706F696E743D22383922207365676D656E74656469746D6F64653D2230222062656E64706F696E74656469746D6F64653D2230222062656E64706F696E747669736962696C6974793D2230222072656C6174656469643D223022207669727475616C3D2230223E3C706F696E7420783D22383235302220793D223332383530222F3E3C706F696E7420783D22353631382220793D223332383530222F3E3C2F636F6E6E6563746F723E3C2F646473636F6E74726F6C3E3C646473636F6E74726F6C2073656D616E746963636F6F6B69653D22303164373237323264386437323732322220636F6E74726F6C70726F6769643D224D534444532E546578742E3038302E3122206C6566743D22343630372220746F703D22333233333122206C6F676963616C69643D22342220636F6E74726F6C69643D223422206D617374657269643D2233222068696E74313D2230222068696E74323D2230222077696474683D223439383822206865696768743D2233343422206E6F726573697A653D223122206E6F6D6F76653D223022206E6F64656661756C74617474616368706F696E74733D223122206175746F647261673D2231222075736564656661756C7469646473686170653D2231222073656C65637461626C653D2231222073686F7773656C656374696F6E68616E646C65733D22312220616C6C6F776E756467696E673D223122206973616E6E6F746174696F6E3D22302220646F6E746175746F6C61796F75743D2231222067726F7570636F6C6C61707365643D2230222074616273746F703D2230222076697369626C653D22302220736E6170746F677269643D2230223E3C636F6E74726F6C3E3C646473786D6C6F626A65637473747265616D696E6974777261707065722062696E6172793D22303030323030303037633133303030303538303130303030303330303030303030303030303530303030383030383030303038303031303030303030313530303031303030303030393030313434343230313030303635343631363836663664363131633030343630303462303035663030356630303432303034313030343330303566303035333030343930303566303035333030343430303534303035663030356630303464303034313030356630303566303033353030343130303435303034353030333830303332303034323030333930303030303030303030222F3E3C2F636F6E74726F6C3E3C6C61796F75746F626A6563743E3C646473786D6C6F626A2F3E3C2F6C61796F75746F626A6563743E3C73686170652067726F7570736861706569643D2230222067726F75706E6F64653D2230222F3E3C2F646473636F6E74726F6C3E3C646473636F6E74726F6C20636F6E74726F6C70726F6769643D227B36323341433037352D324337372D343837332D383833442D3933304234333634423442437D2220746F6F6C7469703D224348495F544945545F4C4943485F5449454D22206C6566743D22393735302220746F703D22323137353022206C6F676963616C69643D22352220636F6E74726F6C69643D223522206D617374657269643D2230222068696E74313D2230222068696E74323D2230222077696474683D223537363822206865696768743D223530303122206E6F726573697A653D223022206E6F6D6F76653D223022206E6F64656661756C74617474616368706F696E74733D223022206175746F647261673D2230222075736564656661756C7469646473686170653D2230222073656C65637461626C653D2231222073686F7773656C656374696F6E68616E646C65733D22302220616C6C6F776E756467696E673D223122206973616E6E6F746174696F6E3D22302220646F6E746175746F6C61796F75743D2230222067726F7570636F6C6C61707365643D2230222074616273746F703D2231222076697369626C653D22312220736E6170746F677269643D2231223E3C636F6E74726F6C3E3C646473786D6C6F626A65637473747265616D696E6974777261707065722062696E6172793D223231343333343132303830303030303038383136303030303839313330303030373835363334313230373030303030303134303130303030343330303438303034393030356630303534303034393030343530303534303035663030346330303439303034333030343830303566303035343030343930303435303034643030303030303030303030303030303030303063303066666666303230303030303030333030303130303031303030303030333930306666666630333030303030303033303030313030303130303030303030383030303130303032303030303030646630306665666630303030303030303235303130303030343031313631323232353031303030303630313336313232666666666666666636306133323130383238656539383137376361306235356630303130623135663839306430303036643336306634356665666462663335663036303030303030323865653938313766666666666666663732303032653030333533623935366636393065303038303030303030303030613030303030303031306565393831373038346562663566303031306231356666653339303030366662363166343566363664336633356630353030303030303130656539383137666666666666666636663030363630303238656539383137363861316235356630303130623135666461306430303036313736326634356634636564313836303038303030303030303030303030303030303030303030303031303030303030303530303030303035343030303030303263303030303030326330303030303032633030303030303334303030303030303030303030303030303030303030303232323930303030616231373030303030303030303030303264303130303030303830303030303030633030303030303037303030303030316330313030303030363039303030303632303730303030613430313030303030643032303030303737303130303030656330343030303031623033303030306530303130303030316230333030303065643033303030306232303230303030303030303030303030313030303030303838313630303030383931333030303030303030303030303036303030303030303630303030303030323030303030303032303030303030316330313030303061633038303030303030303030303030303130303030303033393133303030303036306130303030303030303030303030333030303030303033303030303030303230303030303030323030303030303163303130303030303630393030303030313030303030303030303030303030333931333030303033343033303030303030303030303030303030303030303030303030303030303032303030303030303230303030303031633031303030303036303930303030303030303030303030303030303030306431333130303030303932333030303030303030303030303030303030303030306430303030303030343030303030303034303030303030316330313030303030363039303030306161306130303030393030363030303037383536333431323034303030303030366530303030303030313030303030303031303030303030306230303030303030303030303030303031303030303030303230303030303030333030303030303034303030303030303530303030303030363030303030303037303030303030303830303030303030393030303030303061303030303030303430303030303036343030363230303666303030303030313330303030303034333030343830303439303035663030353430303439303034353030353430303566303034633030343930303433303034383030356630303534303034393030343530303464303030303030222F3E3C2F636F6E74726F6C3E3C6C61796F75746F626A6563743E3C646473786D6C6F626A3E3C70726F7065727479206E616D653D224163746976655461626C65566965774D6F6465222076616C75653D22312220766172747970653D2238222F3E3C70726F7065727479206E616D653D225461626C65566965774D6F64653A30222076616C75653D22342C302C3238342C302C323331302C312C313839302C352C313236302220766172747970653D2238222F3E3C70726F7065727479206E616D653D225461626C65566965774D6F64653A31222076616C75653D22322C302C3238342C302C323232302220766172747970653D2238222F3E3C70726F7065727479206E616D653D225461626C65566965774D6F64653A32222076616C75653D22322C302C3238342C302C323331302220766172747970653D2238222F3E3C70726F7065727479206E616D653D225461626C65566965774D6F64653A33222076616C75653D22322C302C3238342C302C323331302220766172747970653D2238222F3E3C70726F7065727479206E616D653D225461626C65566965774D6F64653A34222076616C75653D22342C302C3238342C302C323331302C31322C323733302C31312C313638302220766172747970653D2238222F3E3C2F646473786D6C6F626A3E3C2F6C61796F75746F626A6563743E3C73686170652067726F7570736861706569643D2230222067726F75706E6F64653D2230222F3E3C2F646473636F6E74726F6C3E3C646473636F6E74726F6C2073656D616E746963636F6F6B69653D223031303033353030303130303030303036343030363230303666303030303030343630303462303035663030356630303433303034383030343930303566303035343030343930303435303035343030356630303566303035663030346430303431303035663030343230303431303035663030356630303335303033373030333130303434303034363030333130303434303033353030303030302220636F6E74726F6C70726F6769643D224D534444532E506F6C796C696E652E3038302E312220746F6F6C7469703D2252656C6174696F6E736869702027464B5F5F4348495F544945545F5F5F4D415F42415F5F353731444631443527206265747765656E20274241435F53492720616E6420274348495F544945545F4C4943485F5449454D2722206C6566743D2231313239332220746F703D22323630353222206C6F676963616C69643D22362220636F6E74726F6C69643D223622206D617374657269643D2230222068696E74313D2230222068696E74323D2230222077696474683D2238313522206865696768743D223631343422206E6F726573697A653D223022206E6F6D6F76653D223022206E6F64656661756C74617474616368706F696E74733D223122206175746F647261673D2230222075736564656661756C7469646473686170653D2230222073656C65637461626C653D2231222073686F7773656C656374696F6E68616E646C65733D22302220616C6C6F776E756467696E673D223122206973616E6E6F746174696F6E3D22302220646F6E746175746F6C61796F75743D2230222067726F7570636F6C6C61707365643D2230222074616273746F703D2231222076697369626C653D22312220736E6170746F677269643D2230223E3C636F6E74726F6C3E3C646473786D6C6F626A3E3C706F6C796C696E6520656E64747970656473743D22302220656E64747970657372633D2232222075736572636F6C6F723D22313537393033323022206C696E657374796C653D223022206C696E6572656E6465723D22302220637573746F6D656E647479706564737469643D22302220637573746F6D656E647479706573726369643D2230222061646F726E7376697369626C653D2231223E3C61646F726E6D656E742070657263656E74706F733D2235312E373234313337393331303334352220636F6E74726F6C69643D2237222077696474683D223533303622206865696768743D223334342220736964653D223022206265686176696F723D2233222068696D65747269633D223234353622206469737466726F6D6C696E653D22313735222073746172746F626A3D22302220783D2231313837352220793D223238383737222076697369626C653D22302220616C6C6F776F7665726C61703D2231222075736570657263656E743D2231222F3E3C2F706F6C796C696E653E3C2F646473786D6C6F626A3E3C2F636F6E74726F6C3E3C6C61796F75746F626A6563743E3C646473786D6C6F626A2F3E3C2F6C61796F75746F626A6563743E3C636F6E6E6563746F7220736F7572636569643D223122206465737469643D22352220736F75726365617474616368706F696E743D223434222064657374617474616368706F696E743D22323522207365676D656E74656469746D6F64653D2230222062656E64706F696E74656469746D6F64653D2230222062656E64706F696E747669736962696C6974793D2230222072656C6174656469643D223022207669727475616C3D2230223E3C706F696E7420783D2231313730302220793D223331353030222F3E3C706F696E7420783D2231313730302220793D223236373531222F3E3C2F636F6E6E6563746F723E3C2F646473636F6E74726F6C3E3C646473636F6E74726F6C2073656D616E746963636F6F6B69653D22303164383237323231386438323732322220636F6E74726F6C70726F6769643D224D534444532E546578742E3038302E3122206C6566743D2231313837352220746F703D22323838373722206C6F676963616C69643D22372220636F6E74726F6C69643D223722206D617374657269643D2236222068696E74313D2230222068696E74323D2230222077696474683D223533303622206865696768743D2233343422206E6F726573697A653D223122206E6F6D6F76653D223022206E6F64656661756C74617474616368706F696E74733D223122206175746F647261673D2231222075736564656661756C7469646473686170653D2231222073656C65637461626C653D2231222073686F7773656C656374696F6E68616E646C65733D22312220616C6C6F776E756467696E673D223122206973616E6E6F746174696F6E3D22302220646F6E746175746F6C61796F75743D2231222067726F7570636F6C6C61707365643D2230222074616273746F703D2230222076697369626C653D22302220736E6170746F677269643D2230223E3C636F6E74726F6C3E3C646473786D6C6F626A65637473747265616D696E6974777261707065722062696E6172793D223030303230303030626131343030303035383031303030303033303030303030303030303035303030303830303830303030383030313030303030303135303030313030303030303930303134343432303130303036353436313638366636643631316530303436303034623030356630303566303034333030343830303439303035663030353430303439303034353030353430303566303035663030356630303464303034313030356630303432303034313030356630303566303033353030333730303331303034343030343630303331303034343030333530303030303030303030222F3E3C2F636F6E74726F6C3E3C6C61796F75746F626A6563743E3C646473786D6C6F626A2F3E3C2F6C61796F75746F626A6563743E3C73686170652067726F7570736861706569643D2230222067726F75706E6F64653D2230222F3E3C2F646473636F6E74726F6C3E3C646473636F6E74726F6C20636F6E74726F6C70726F6769643D227B36323341433037352D324337372D343837332D383833442D3933304234333634423442437D2220746F6F6C7469703D224348495F544945545F56414343494E22206C6566743D222D31303635302220746F703D223834303022206C6F676963616C69643D22382220636F6E74726F6C69643D223822206D617374657269643D2230222068696E74313D2230222068696E74323D2230222077696474683D223537363822206865696768743D223536333622206E6F726573697A653D223022206E6F6D6F76653D223022206E6F64656661756C74617474616368706F696E74733D223022206175746F647261673D2230222075736564656661756C7469646473686170653D2230222073656C65637461626C653D2231222073686F7773656C656374696F6E68616E646C65733D22302220616C6C6F776E756467696E673D223122206973616E6E6F746174696F6E3D22302220646F6E746175746F6C61796F75743D2230222067726F7570636F6C6C61707365643D2230222074616273746F703D2231222076697369626C653D22312220736E6170746F677269643D2231223E3C636F6E74726F6C3E3C646473786D6C6F626A65637473747265616D696E6974777261707065722062696E6172793D223231343333343132303830303030303038383136303030303034313630303030373835363334313230373030303030303134303130303030343330303438303034393030356630303534303034393030343530303534303035663030353630303431303034333030343330303439303034653030303030306630306430303036333936326634356663383630313536303036303030303030323865653938313766666666666666663030303030303030323865653938313762386131623535663030313062313566663430643030303634613632663435666463653031383630303630303030303032386565393831376666666666666666303032323030383061383139376630306334656162653566303031306231356636383339303030363563363266343566646365303138363031303362663036666138303530303830303030303030303032303030303030303030303230303030633861316235356632303030303130306666666666663766306130306666666630303030303030306464303030303030343630303030303032353031303030303538646536653232363933626339366630303130303038303030303030303030613030303030303032383131366532323934636632313635303031303064363531653065303030363030303030303030303030303030303030303030303030303238313136653232666666666666666630383030303030363238313130303030303030303030303030303030303030303031303030303030303530303030303035343030303030303263303030303030326330303030303032633030303030303334303030303030303030303030303030303030303030303232323930303030663131393030303030303030303030303264303130303030303930303030303030633030303030303037303030303030316330313030303030363039303030303632303730303030613430313030303030643032303030303737303130303030656330343030303031623033303030306530303130303030316230333030303065643033303030306232303230303030303030303030303030313030303030303838313630303030303431363030303030303030303030303037303030303030303730303030303030323030303030303032303030303030316330313030303061633038303030303030303030303030303130303030303033393133303030306330303730303030303030303030303030323030303030303032303030303030303230303030303030323030303030303163303130303030303630393030303030313030303030303030303030303030333931333030303033343033303030303030303030303030303030303030303030303030303030303032303030303030303230303030303031633031303030303036303930303030303030303030303030303030303030306431333130303030303932333030303030303030303030303030303030303030306430303030303030343030303030303034303030303030316330313030303030363039303030306161306130303030393030363030303037383536333431323034303030303030363830303030303030313030303030303031303030303030306230303030303030303030303030303031303030303030303230303030303030333030303030303034303030303030303530303030303030363030303030303037303030303030303830303030303030393030303030303061303030303030303430303030303036343030363230303666303030303030313030303030303034333030343830303439303035663030353430303439303034353030353430303566303035363030343130303433303034333030343930303465303030303030222F3E3C2F636F6E74726F6C3E3C6C61796F75746F626A6563743E3C646473786D6C6F626A3E3C70726F7065727479206E616D653D224163746976655461626C65566965774D6F6465222076616C75653D22312220766172747970653D2238222F3E3C70726F7065727479206E616D653D225461626C65566965774D6F64653A30222076616C75653D22342C302C3238342C302C323331302C312C313839302C352C313236302220766172747970653D2238222F3E3C70726F7065727479206E616D653D225461626C65566965774D6F64653A31222076616C75653D22322C302C3238342C302C323232302220766172747970653D2238222F3E3C70726F7065727479206E616D653D225461626C65566965774D6F64653A32222076616C75653D22322C302C3238342C302C323331302220766172747970653D2238222F3E3C70726F7065727479206E616D653D225461626C65566965774D6F64653A33222076616C75653D22322C302C3238342C302C323331302220766172747970653D2238222F3E3C70726F7065727479206E616D653D225461626C65566965774D6F64653A34222076616C75653D22342C302C3238342C302C323331302C31322C323733302C31312C313638302220766172747970653D2238222F3E3C2F646473786D6C6F626A3E3C2F6C61796F75746F626A6563743E3C73686170652067726F7570736861706569643D2230222067726F75706E6F64653D2230222F3E3C2F646473636F6E74726F6C3E3C646473636F6E74726F6C20636F6E74726F6C70726F6769643D227B36323341433037352D324337372D343837332D383833442D3933304234333634423442437D2220746F6F6C7469703D224B484143485F48414E4722206C6566743D22393735302220746F703D22313431303022206C6F676963616C69643D22392220636F6E74726F6C69643D223922206D617374657269643D2230222068696E74313D2230222068696E74323D2230222077696474683D223537363822206865696768743D223337333122206E6F726573697A653D223022206E6F6D6F76653D223022206E6F64656661756C74617474616368706F696E74733D223022206175746F647261673D2230222075736564656661756C7469646473686170653D2230222073656C65637461626C653D2231222073686F7773656C656374696F6E68616E646C65733D22302220616C6C6F776E756467696E673D223122206973616E6E6F746174696F6E3D22302220646F6E746175746F6C61796F75743D2230222067726F7570636F6C6C61707365643D2230222074616273746F703D2231222076697369626C653D22312220736E6170746F677269643D2231223E3C636F6E74726F6C3E3C646473786D6C6F626A65637473747265616D696E6974777261707065722062696E6172793D22323134333334313230383030303030303838313630303030393330653030303037383536333431323037303030303030313430313030303034623030343830303431303034333030343830303566303034383030343130303465303034373030303030303066366632353036303038303030303030303030333030303030303030303032303030303238313136653232323830303031303030333030303030363230303030313030313430303030303035383030666666663030303030303030346430303030303030303030303030303464303030303030303030303030303032393030303030306666666666663131313130303031303030343030303030303261303066666666303030303030303065303136376331393963313637633139633031373763313937633137376331393834313937633139343031393763313966303430643831643938343064383164653031303763313961343130376331396563316237633139613831623763313962633163376331393838316337633139313031653763313962633164376331393030303030303030323865653938313730303030303030303030303030303030373031313763313932633131376331393130303937633139633830383763313932383161376331396534313937633139313439306438316464343866643831646134303937633139363830393763313962313338313136666634313430303830343431303030303030303030303030303030303030303030303130303030303030353030303030303534303030303030326330303030303032633030303030303263303030303030333430303030303030303030303030303030303030303030323232393030303036353135303030303030303030303030326430313030303030373030303030303063303030303030303730303030303031633031303030303036303930303030363230373030303061343031303030303064303230303030373730313030303065633034303030303162303330303030653030313030303031623033303030306564303330303030623230323030303030303030303030303031303030303030383831363030303039333065303030303030303030303030303430303030303030343030303030303032303030303030303230303030303031633031303030306163303830303030303030303030303030313030303030303339313330303030376130353030303030303030303030303031303030303030303130303030303030323030303030303032303030303030316330313030303030363039303030303031303030303030303030303030303033393133303030303334303330303030303030303030303030303030303030303030303030303030303230303030303030323030303030303163303130303030303630393030303030303030303030303030303030303030643133313030303030393233303030303030303030303030303030303030303030643030303030303034303030303030303430303030303031633031303030303036303930303030616130613030303039303036303030303738353633343132303430303030303035653030303030303031303030303030303130303030303030623030303030303030303030303030303130303030303030323030303030303033303030303030303430303030303030353030303030303036303030303030303730303030303030383030303030303039303030303030306130303030303030343030303030303634303036323030366630303030303030623030303030303462303034383030343130303433303034383030356630303438303034313030346530303437303030303030222F3E3C2F636F6E74726F6C3E3C6C61796F75746F626A6563743E3C646473786D6C6F626A3E3C70726F7065727479206E616D653D224163746976655461626C65566965774D6F6465222076616C75653D22312220766172747970653D2238222F3E3C70726F7065727479206E616D653D225461626C65566965774D6F64653A30222076616C75653D22342C302C3238342C302C323331302C312C313839302C352C313236302220766172747970653D2238222F3E3C70726F7065727479206E616D653D225461626C65566965774D6F64653A31222076616C75653D22322C302C3238342C302C323232302220766172747970653D2238222F3E3C70726F7065727479206E616D653D225461626C65566965774D6F64653A32222076616C75653D22322C302C3238342C302C323331302220766172747970653D2238222F3E3C70726F7065727479206E616D653D225461626C65566965774D6F64653A33222076616C75653D22322C302C3238342C302C323331302220766172747970653D2238222F3E3C70726F7065727479206E616D653D225461626C65566965774D6F64653A34222076616C75653D22342C302C3238342C302C323331302C31322C323733302C31312C313638302220766172747970653D2238222F3E3C2F646473786D6C6F626A3E3C2F6C61796F75746F626A6563743E3C73686170652067726F7570736861706569643D2230222067726F75706E6F64653D2230222F3E3C2F646473636F6E74726F6C3E3C646473636F6E74726F6C2073656D616E746963636F6F6B69653D223031346636383164303130303030303036343030363230303666303030303030343630303462303035663030356630303433303034383030343930303566303035343030343930303435303035343030356630303566303035663030346430303431303035663030346230303438303035663030356630303335303033383030333130303332303033313030333630303330303034353030303030302220636F6E74726F6C70726F6769643D224D534444532E506F6C796C696E652E3038302E312220746F6F6C7469703D2252656C6174696F6E736869702027464B5F5F4348495F544945545F5F5F4D415F4B485F5F353831323136304527206265747765656E20274B484143485F48414E472720616E6420274348495F544945545F4C4943485F5449454D2722206C6566743D2231313839332220746F703D22313731333622206C6F676963616C69643D2231302220636F6E74726F6C69643D22313022206D617374657269643D2230222068696E74313D2230222068696E74323D2230222077696474683D2238313522206865696768743D223533313422206E6F726573697A653D223022206E6F6D6F76653D223022206E6F64656661756C74617474616368706F696E74733D223122206175746F647261673D2230222075736564656661756C7469646473686170653D2230222073656C65637461626C653D2231222073686F7773656C656374696F6E68616E646C65733D22302220616C6C6F776E756467696E673D223122206973616E6E6F746174696F6E3D22302220646F6E746175746F6C61796F75743D2230222067726F7570636F6C6C61707365643D2230222074616273746F703D2231222076697369626C653D22312220736E6170746F677269643D2230223E3C636F6E74726F6C3E3C646473786D6C6F626A3E3C706F6C796C696E6520656E64747970656473743D22302220656E64747970657372633D2232222075736572636F6C6F723D22313537393033323022206C696E657374796C653D223022206C696E6572656E6465723D22302220637573746F6D656E647479706564737469643D22302220637573746F6D656E647479706573726369643D2230222061646F726E7376697369626C653D2231223E3C61646F726E6D656E742070657263656E74706F733D2234372E303736353532313339383433332220636F6E74726F6C69643D223131222077696474683D223532343822206865696768743D223334342220736964653D223122206265686176696F723D2233222068696D65747269633D223138343422206469737466726F6D6C696E653D22313735222073746172746F626A3D22302220783D2231323437352220793D223139353133222076697369626C653D22302220616C6C6F776F7665726C61703D2231222075736570657263656E743D2231222F3E3C2F706F6C796C696E653E3C2F646473786D6C6F626A3E3C2F636F6E74726F6C3E3C6C61796F75746F626A6563743E3C646473786D6C6F626A2F3E3C2F6C61796F75746F626A6563743E3C636F6E6E6563746F7220736F7572636569643D223922206465737469643D22352220736F75726365617474616368706F696E743D223333222064657374617474616368706F696E743D22333222207365676D656E74656469746D6F64653D2230222062656E64706F696E74656469746D6F64653D2230222062656E64706F696E747669736962696C6974793D2230222072656C6174656469643D223022207669727475616C3D2230223E3C706F696E7420783D2231323330302220793D223137383331222F3E3C706F696E7420783D2231323330302220793D223231373530222F3E3C2F636F6E6E6563746F723E3C2F646473636F6E74726F6C3E3C646473636F6E74726F6C2073656D616E746963636F6F6B69653D22303134306231313762383430623131372220636F6E74726F6C70726F6769643D224D534444532E546578742E3038302E3122206C6566743D2231323437352220746F703D22313935313322206C6F676963616C69643D2231312220636F6E74726F6C69643D22313122206D617374657269643D223130222068696E74313D2230222068696E74323D2230222077696474683D223532343822206865696768743D2233343422206E6F726573697A653D223122206E6F6D6F76653D223022206E6F64656661756C74617474616368706F696E74733D223122206175746F647261673D2231222075736564656661756C7469646473686170653D2231222073656C65637461626C653D2231222073686F7773656C656374696F6E68616E646C65733D22312220616C6C6F776E756467696E673D223122206973616E6E6F746174696F6E3D22302220646F6E746175746F6C61796F75743D2231222067726F7570636F6C6C61707365643D2230222074616273746F703D2230222076697369626C653D22302220736E6170746F677269643D2230223E3C636F6E74726F6C3E3C646473786D6C6F626A65637473747265616D696E6974777261707065722062696E6172793D223030303230303030383031343030303035383031303030303033303030303030303030303035303030303830303830303030383030313030303030303135303030313030303030303930303134343432303130303036353436313638366636643631316530303436303034623030356630303566303034333030343830303439303035663030353430303439303034353030353430303566303035663030356630303464303034313030356630303462303034383030356630303566303033353030333830303331303033323030333130303336303033303030343530303030303030303030222F3E3C2F636F6E74726F6C3E3C6C61796F75746F626A6563743E3C646473786D6C6F626A2F3E3C2F6C61796F75746F626A6563743E3C73686170652067726F7570736861706569643D2230222067726F75706E6F64653D2230222F3E3C2F646473636F6E74726F6C3E3C646473636F6E74726F6C20636F6E74726F6C70726F6769643D227B36323341433037352D324337372D343837332D383833442D3933304234333634423442437D2220746F6F6C7469703D224C4943485F5449454D22206C6566743D222D313935302220746F703D22323331303022206C6F676963616C69643D2231322220636F6E74726F6C69643D22313222206D617374657269643D2230222068696E74313D2230222068696E74323D2230222077696474683D223537363822206865696768743D223330393622206E6F726573697A653D223022206E6F6D6F76653D223022206E6F64656661756C74617474616368706F696E74733D223022206175746F647261673D2230222075736564656661756C7469646473686170653D2230222073656C65637461626C653D2231222073686F7773656C656374696F6E68616E646C65733D22302220616C6C6F776E756467696E673D223122206973616E6E6F746174696F6E3D22302220646F6E746175746F6C61796F75743D2230222067726F7570636F6C6C61707365643D2230222074616273746F703D2231222076697369626C653D22312220736E6170746F677269643D2231223E3C636F6E74726F6C3E3C646473786D6C6F626A65637473747265616D696E6974777261707065722062696E6172793D223231343333343132303830303030303038383136303030303138306330303030373835363334313230373030303030303134303130303030346330303439303034333030343830303566303035343030343930303435303034643030303030303036303030303030323865653938313766666666666666663030303030303030323865653938313762386132623535663030313062313566313230653030303661653634663435666463653031383630303630303030303032386565393831376666666666666666303032653030383039663338376636663030313530303830303030303030303061303030303030303238656539383137633061326235356630303130623135663133306530303036633036346634356664636530313836303036303030303030323865653938313766666666666666663030303030303030313065653938313761633464626635663030313062313566653933393030303664313634663435666463653031383630303630303030303031306565393831376666666666666666303030303030303032386565393831376430613262353566303031306231356631353065303030366536363466343566646365303138363030363030303030303238656539383137323865663065373530303030303030303238656539383137643861326235356630303130623135663136306530303036663736346634356664636530313836303036303030303030303030303030303030303030303030303031303030303030303530303030303035343030303030303263303030303030326330303030303032633030303030303334303030303030303030303030303030303030303030303232323930303030363531353030303030303030303030303264303130303030303730303030303030633030303030303037303030303030316330313030303030363039303030303632303730303030613430313030303030643032303030303737303130303030656330343030303031623033303030306530303130303030316230333030303065643033303030306232303230303030303030303030303030313030303030303838313630303030313830633030303030303030303030303033303030303030303330303030303030323030303030303032303030303030316330313030303061633038303030303030303030303030303130303030303033393133303030306330303730303030303030303030303030323030303030303032303030303030303230303030303030323030303030303163303130303030303630393030303030313030303030303030303030303030333931333030303033343033303030303030303030303030303030303030303030303030303030303032303030303030303230303030303031633031303030303036303930303030303030303030303030303030303030306431333130303030303932333030303030303030303030303030303030303030306430303030303030343030303030303034303030303030316330313030303030363039303030306161306130303030393030363030303037383536333431323034303030303030356330303030303030313030303030303031303030303030306230303030303030303030303030303031303030303030303230303030303030333030303030303034303030303030303530303030303030363030303030303037303030303030303830303030303030393030303030303061303030303030303430303030303036343030363230303666303030303030306130303030303034633030343930303433303034383030356630303534303034393030343530303464303030303030222F3E3C2F636F6E74726F6C3E3C6C61796F75746F626A6563743E3C646473786D6C6F626A3E3C70726F7065727479206E616D653D224163746976655461626C65566965774D6F6465222076616C75653D22312220766172747970653D2238222F3E3C70726F7065727479206E616D653D225461626C65566965774D6F64653A30222076616C75653D22342C302C3238342C302C323331302C312C313839302C352C313236302220766172747970653D2238222F3E3C70726F7065727479206E616D653D225461626C65566965774D6F64653A31222076616C75653D22322C302C3238342C302C323232302220766172747970653D2238222F3E3C70726F7065727479206E616D653D225461626C65566965774D6F64653A32222076616C75653D22322C302C3238342C302C323331302220766172747970653D2238222F3E3C70726F7065727479206E616D653D225461626C65566965774D6F64653A33222076616C75653D22322C302C3238342C302C323331302220766172747970653D2238222F3E3C70726F7065727479206E616D653D225461626C65566965774D6F64653A34222076616C75653D22342C302C3238342C302C323331302C31322C323733302C31312C313638302220766172747970653D2238222F3E3C2F646473786D6C6F626A3E3C2F6C61796F75746F626A6563743E3C73686170652067726F7570736861706569643D2230222067726F75706E6F64653D2230222F3E3C2F646473636F6E74726F6C3E3C646473636F6E74726F6C2073656D616E746963636F6F6B69653D223031303033353030303130303030303036343030363230303666303030303030343630303462303035663030356630303433303034383030343930303566303035343030343930303435303035343030356630303566303035663030346430303431303035663030346330303439303035663030356630303335303033363030333230303339303034333030343430303339303034333030303030302220636F6E74726F6C70726F6769643D224D534444532E506F6C796C696E652E3038302E312220746F6F6C7469703D2252656C6174696F6E736869702027464B5F5F4348495F544945545F5F5F4D415F4C495F5F353632394344394327206265747765656E20274C4943485F5449454D2720616E6420274348495F544945545F4C4943485F5449454D2722206C6566743D22333531382220746F703D22323430373122206C6F676963616C69643D2231332220636F6E74726F6C69643D22313322206D617374657269643D2230222068696E74313D2230222068696E74323D2230222077696474683D223635333222206865696768743D223136383722206E6F726573697A653D223022206E6F6D6F76653D223022206E6F64656661756C74617474616368706F696E74733D223122206175746F647261673D2230222075736564656661756C7469646473686170653D2230222073656C65637461626C653D2231222073686F7773656C656374696F6E68616E646C65733D22302220616C6C6F776E756467696E673D223122206973616E6E6F746174696F6E3D22302220646F6E746175746F6C61796F75743D2230222067726F7570636F6C6C61707365643D2230222074616273746F703D2231222076697369626C653D22312220736E6170746F677269643D2230223E3C636F6E74726F6C3E3C646473786D6C6F626A3E3C706F6C796C696E6520656E64747970656473743D22302220656E64747970657372633D2232222075736572636F6C6F723D22313537393033323022206C696E657374796C653D223022206C696E6572656E6465723D22302220637573746F6D656E647479706564737469643D22302220637573746F6D656E647479706573726369643D2230222061646F726E7376697369626C653D2231223E3C61646F726E6D656E742070657263656E74706F733D2236382E373330343536353335333334362220636F6E74726F6C69643D223134222077696474683D223532323022206865696768743D223334342220736964653D223122206265686176696F723D2233222068696D65747269633D223436393522206469737466726F6D6C696E653D22313735222073746172746F626A3D22302220783D22323330342220793D223233393331222076697369626C653D22302220616C6C6F776F7665726C61703D2231222075736570657263656E743D2231222F3E3C2F706F6C796C696E653E3C2F646473786D6C6F626A3E3C2F636F6E74726F6C3E3C6C61796F75746F626A6563743E3C646473786D6C6F626A2F3E3C2F6C61796F75746F626A6563743E3C636F6E6E6563746F7220736F7572636569643D22313222206465737469643D22352220736F75726365617474616368706F696E743D22313033222064657374617474616368706F696E743D2231303822207365676D656E74656469746D6F64653D2230222062656E64706F696E74656469746D6F64653D2230222062656E64706F696E747669736962696C6974793D2230222072656C6174656469643D223022207669727475616C3D2230223E3C706F696E7420783D22333831382220793D223235333530222F3E3C706F696E7420783D22353530332220793D223235333530222F3E3C706F696E7420783D22353530332220793D223234343530222F3E3C706F696E7420783D22393735302220793D223234343530222F3E3C2F636F6E6E6563746F723E3C2F646473636F6E74726F6C3E3C646473636F6E74726F6C2073656D616E746963636F6F6B69653D22303134366231313733383436623131372220636F6E74726F6C70726F6769643D224D534444532E546578742E3038302E3122206C6566743D22323330342220746F703D22323339333122206C6F676963616C69643D2231342220636F6E74726F6C69643D22313422206D617374657269643D223133222068696E74313D2230222068696E74323D2230222077696474683D223532323022206865696768743D2233343422206E6F726573697A653D223122206E6F6D6F76653D223022206E6F64656661756C74617474616368706F696E74733D223122206175746F647261673D2231222075736564656661756C7469646473686170653D2231222073656C65637461626C653D2231222073686F7773656C656374696F6E68616E646C65733D22312220616C6C6F776E756467696E673D223122206973616E6E6F746174696F6E3D22302220646F6E746175746F6C61796F75743D2231222067726F7570636F6C6C61707365643D2230222074616273746F703D2230222076697369626C653D22302220736E6170746F677269643D2230223E3C636F6E74726F6C3E3C646473786D6C6F626A65637473747265616D696E6974777261707065722062696E6172793D223030303230303030363431343030303035383031303030303033303030303030303030303035303030303830303830303030383030313030303030303135303030313030303030303930303134343432303130303036353436313638366636643631316530303436303034623030356630303566303034333030343830303439303035663030353430303439303034353030353430303566303035663030356630303464303034313030356630303463303034393030356630303566303033353030333630303332303033393030343330303434303033393030343330303030303030303030222F3E3C2F636F6E74726F6C3E3C6C61796F75746F626A6563743E3C646473786D6C6F626A2F3E3C2F6C61796F75746F626A6563743E3C73686170652067726F7570736861706569643D2230222067726F75706E6F64653D2230222F3E3C2F646473636F6E74726F6C3E3C646473636F6E74726F6C20636F6E74726F6C70726F6769643D227B36323341433037352D324337372D343837332D383833442D3933304234333634423442437D2220746F6F6C7469703D224E47554F495F4C4F4E22206C6566743D2231363230302220746F703D223733353022206C6F676963616C69643D2231352220636F6E74726F6C69643D22313522206D617374657269643D2230222068696E74313D2230222068696E74323D2230222077696474683D223537363822206865696768743D223433393222206E6F726573697A653D223022206E6F6D6F76653D223022206E6F64656661756C74617474616368706F696E74733D223022206175746F647261673D2230222075736564656661756C7469646473686170653D2230222073656C65637461626C653D2231222073686F7773656C656374696F6E68616E646C65733D22302220616C6C6F776E756467696E673D223122206973616E6E6F746174696F6E3D22302220646F6E746175746F6C61796F75743D2230222067726F7570636F6C6C61707365643D2230222074616273746F703D2231222076697369626C653D22312220736E6170746F677269643D2231223E3C636F6E74726F6C3E3C646473786D6C6F626A65637473747265616D696E6974777261707065722062696E6172793D223231343333343132303830303030303038383136303030303238313130303030373835363334313230373030303030303134303130303030346530303437303035353030346630303439303035663030346330303466303034653030303030303238313136653232623863663231363530303130306436353231306530303036303030303030303030303030303030303030303030303030323831313665323266666666666666663030306430303830343533613235366566383036303038303038633464383164303030303030303030303030303030303030303030303030306330306231356663393063303030363734356666343566343930303030303030306335643831643134633464383164343333613233366530303032303038303030303030303030303830303030303030303032303030306361306330303036326130306666666630303030303030303230303030313030303030303030303033653030666566663061303030303030303930303031303030333030303030303132303030313030303130303030303031323030303130303032303030303030323830306664666630383030303030363235303130303030363835396536303764633030303030303030303030303030323530313030303033386530366532323338633464383164303030303030303030303030303030303030303030303030303830306666666630303030303030303533336130303030303030303030303030303030303030303031303030303030303530303030303035343030303030303263303030303030326330303030303032633030303030303334303030303030303030303030303030303030303030303232323930303030363531353030303030303030303030303264303130303030303730303030303030633030303030303037303030303030316330313030303030363039303030303632303730303030613430313030303030643032303030303737303130303030656330343030303031623033303030306530303130303030316230333030303065643033303030306232303230303030303030303030303030313030303030303838313630303030323831313030303030303030303030303032303030303030303230303030303030323030303030303032303030303030316330313030303061613061303030303030303030303030303130303030303033393133303030306330303730303030303030303030303030323030303030303032303030303030303230303030303030323030303030303163303130303030303630393030303030313030303030303030303030303030333931333030303033343033303030303030303030303030303030303030303030303030303030303032303030303030303230303030303031633031303030303036303930303030303030303030303030303030303030306431333130303030303932333030303030303030303030303030303030303030306430303030303030343030303030303034303030303030316330313030303030363039303030306161306130303030393030363030303037383536333431323034303030303030356330303030303030313030303030303031303030303030306230303030303030303030303030303031303030303030303230303030303030333030303030303034303030303030303530303030303030363030303030303037303030303030303830303030303030393030303030303061303030303030303430303030303036343030363230303666303030303030306130303030303034653030343730303535303034663030343930303566303034633030346630303465303030303030222F3E3C2F636F6E74726F6C3E3C6C61796F75746F626A6563743E3C646473786D6C6F626A3E3C70726F7065727479206E616D653D224163746976655461626C65566965774D6F6465222076616C75653D22312220766172747970653D2238222F3E3C70726F7065727479206E616D653D225461626C65566965774D6F64653A30222076616C75653D22342C302C3238342C302C323331302C312C313839302C352C313236302220766172747970653D2238222F3E3C70726F7065727479206E616D653D225461626C65566965774D6F64653A31222076616C75653D22322C302C3238342C302C323733302220766172747970653D2238222F3E3C70726F7065727479206E616D653D225461626C65566965774D6F64653A32222076616C75653D22322C302C3238342C302C323331302220766172747970653D2238222F3E3C70726F7065727479206E616D653D225461626C65566965774D6F64653A33222076616C75653D22322C302C3238342C302C323331302220766172747970653D2238222F3E3C70726F7065727479206E616D653D225461626C65566965774D6F64653A34222076616C75653D22342C302C3238342C302C323331302C31322C323733302C31312C313638302220766172747970653D2238222F3E3C2F646473786D6C6F626A3E3C2F6C61796F75746F626A6563743E3C73686170652067726F7570736861706569643D2230222067726F75706E6F64653D2230222F3E3C2F646473636F6E74726F6C3E3C646473636F6E74726F6C2073656D616E746963636F6F6B69653D223031343835303636303130303030303036343030363230303666303030303030343630303462303035663030356630303465303034373030353530303466303034393030356630303463303034663030346530303566303035663030346430303431303035663030356630303333303033393030333830303434303033383030343530303435303034353030303030302220636F6E74726F6C70726F6769643D224D534444532E506F6C796C696E652E3038302E312220746F6F6C7469703D2252656C6174696F6E736869702027464B5F5F4E47554F495F4C4F4E5F5F4D415F5F333938443845454527206265747765656E20274B484143485F48414E472720616E6420274E47554F495F4C4F4E2722206C6566743D2231323439332220746F703D22313130343322206C6F676963616C69643D2231362220636F6E74726F6C69643D22313622206D617374657269643D2230222068696E74313D2230222068696E74323D2230222077696474683D223631383722206865696768743D223337353322206E6F726573697A653D223022206E6F6D6F76653D223022206E6F64656661756C74617474616368706F696E74733D223122206175746F647261673D2230222075736564656661756C7469646473686170653D2230222073656C65637461626C653D2231222073686F7773656C656374696F6E68616E646C65733D22302220616C6C6F776E756467696E673D223122206973616E6E6F746174696F6E3D22302220646F6E746175746F6C61796F75743D2230222067726F7570636F6C6C61707365643D2230222074616273746F703D2231222076697369626C653D22312220736E6170746F677269643D2230223E3C636F6E74726F6C3E3C646473786D6C6F626A3E3C706F6C796C696E6520656E64747970656473743D22302220656E64747970657372633D2232222075736572636F6C6F723D22313537393033323022206C696E657374796C653D223022206C696E6572656E6465723D22302220637573746F6D656E647479706564737469643D22302220637573746F6D656E647479706573726369643D2230222061646F726E7376697369626C653D2231223E3C61646F726E6D656E742070657263656E74706F733D2235312E373234313337393331303334352220636F6E74726F6C69643D223137222077696474683D223439333122206865696768743D223334342220736964653D223022206265686176696F723D2233222068696D65747269633D223430313222206469737466726F6D6C696E653D22313735222073746172746F626A3D22302220783D2231353730322220793D223132383930222076697369626C653D22302220616C6C6F776F7665726C61703D2231222075736570657263656E743D2231222F3E3C2F706F6C796C696E653E3C2F646473786D6C6F626A3E3C2F636F6E74726F6C3E3C6C61796F75746F626A6563743E3C646473786D6C6F626A2F3E3C2F6C61796F75746F626A6563743E3C636F6E6E6563746F7220736F7572636569643D223922206465737469643D2231352220736F75726365617474616368706F696E743D223430222064657374617474616368706F696E743D22323722207365676D656E74656469746D6F64653D2230222062656E64706F696E74656469746D6F64653D2230222062656E64706F696E747669736962696C6974793D2230222072656C6174656469643D223022207669727475616C3D2230223E3C706F696E7420783D2231323930302220793D223134313030222F3E3C706F696E7420783D2231323930302220793D223132373135222F3E3C706F696E7420783D2231373438392220793D223132373135222F3E3C706F696E7420783D2231373438392220793D223132323831222F3E3C706F696E7420783D2231383330302220793D223132323831222F3E3C706F696E7420783D2231383330302220793D223131373432222F3E3C2F636F6E6E6563746F723E3C2F646473636F6E74726F6C3E3C646473636F6E74726F6C2073656D616E746963636F6F6B69653D22303134356231313737383435623131372220636F6E74726F6C70726F6769643D224D534444532E546578742E3038302E3122206C6566743D2231353730322220746F703D22313238393022206C6F676963616C69643D2231372220636F6E74726F6C69643D22313722206D617374657269643D223136222068696E74313D2230222068696E74323D2230222077696474683D223439333122206865696768743D2233343422206E6F726573697A653D223122206E6F6D6F76653D223022206E6F64656661756C74617474616368706F696E74733D223122206175746F647261673D2231222075736564656661756C7469646473686170653D2231222073656C65637461626C653D2231222073686F7773656C656374696F6E68616E646C65733D22312220616C6C6F776E756467696E673D223122206973616E6E6F746174696F6E3D22302220646F6E746175746F6C61796F75743D2231222067726F7570636F6C6C61707365643D2230222074616273746F703D2230222076697369626C653D22302220736E6170746F677269643D2230223E3C636F6E74726F6C3E3C646473786D6C6F626A65637473747265616D696E6974777261707065722062696E6172793D223030303230303030343331333030303035383031303030303033303030303030303030303035303030303830303830303030383030313030303030303135303030313030303030303930303134343432303130303036353436313638366636643631316230303436303034623030356630303566303034653030343730303535303034663030343930303566303034633030346630303465303035663030356630303464303034313030356630303566303033333030333930303338303034343030333830303435303034353030343530303030303030303030222F3E3C2F636F6E74726F6C3E3C6C61796F75746F626A6563743E3C646473786D6C6F626A2F3E3C2F6C61796F75746F626A6563743E3C73686170652067726F7570736861706569643D2230222067726F75706E6F64653D2230222F3E3C2F646473636F6E74726F6C3E3C646473636F6E74726F6C20636F6E74726F6C70726F6769643D227B36323341433037352D324337372D343837332D383833442D3933304234333634423442437D2220746F6F6C7469703D224E47554F495F5448414E22206C6566743D2232313330302220746F703D22323236353022206C6F676963616C69643D2231382220636F6E74726F6C69643D22313822206D617374657269643D2230222068696E74313D2230222068696E74323D2230222077696474683D223537363822206865696768743D223330393622206E6F726573697A653D223022206E6F6D6F76653D223022206E6F64656661756C74617474616368706F696E74733D223022206175746F647261673D2230222075736564656661756C7469646473686170653D2230222073656C65637461626C653D2231222073686F7773656C656374696F6E68616E646C65733D22302220616C6C6F776E756467696E673D223122206973616E6E6F746174696F6E3D22302220646F6E746175746F6C61796F75743D2230222067726F7570636F6C6C61707365643D2230222074616273746F703D2231222076697369626C653D22312220736E6170746F677269643D2231223E3C636F6E74726F6C3E3C646473786D6C6F626A65637473747265616D696E6974777261707065722062696E6172793D22323134333334313230383030303030303838313630303030313830633030303037383536333431323037303030303030313430313030303034653030343730303535303034663030343930303566303035343030343830303431303034653030303030303030303030303030303030303261303030303030303030303030303030303130306436353234306530303036303030303030303030303030303030303030303030303030323831313665323266666666666666663030303030303030323831313665323265386366323136353030313030643635323530653030303630303030303030303030303030303030303030303030303032383131366532326666666666666666303230303030303065643362346436653039306130303830323530313030303031386531366532323230303030313030303030303030303064333030303030303030303030303030306330306666666630323030303030303033303030313030303130303030303033393030666666663033303030303030303330303031303030313030303030303038303030313030303230303030303064663030666566663030303030303030323530313030303062386465366532323235303130303030313864663665323232386565393831373063613062353566303031306231356664623063303030366461356666343566353464616633356630333030303030303238656539383137666666663030303030303030303030303030303030303030303130303030303030353030303030303534303030303030326330303030303032633030303030303263303030303030333430303030303030303030303030303030303030303030323232393030303036353135303030303030303030303030326430313030303030373030303030303063303030303030303730303030303031633031303030303036303930303030363230373030303061343031303030303064303230303030373730313030303065633034303030303162303330303030653030313030303031623033303030306564303330303030623230323030303030303030303030303031303030303030383831363030303031383063303030303030303030303030303330303030303030333030303030303032303030303030303230303030303031633031303030306163303830303030303030303030303030313030303030303339313330303030376130353030303030303030303030303031303030303030303130303030303030323030303030303032303030303030316330313030303030363039303030303031303030303030303030303030303033393133303030303334303330303030303030303030303030303030303030303030303030303030303230303030303030323030303030303163303130303030303630393030303030303030303030303030303030303030643133313030303030393233303030303030303030303030303030303030303030643030303030303034303030303030303430303030303031633031303030303036303930303030616130613030303039303036303030303738353633343132303430303030303035653030303030303031303030303030303130303030303030623030303030303030303030303030303130303030303030323030303030303033303030303030303430303030303030353030303030303036303030303030303730303030303030383030303030303039303030303030306130303030303030343030303030303634303036323030366630303030303030623030303030303465303034373030353530303466303034393030356630303534303034383030343130303465303030303030222F3E3C2F636F6E74726F6C3E3C6C61796F75746F626A6563743E3C646473786D6C6F626A3E3C70726F7065727479206E616D653D224163746976655461626C65566965774D6F6465222076616C75653D22312220766172747970653D2238222F3E3C70726F7065727479206E616D653D225461626C65566965774D6F64653A30222076616C75653D22342C302C3238342C302C323331302C312C313839302C352C313236302220766172747970653D2238222F3E3C70726F7065727479206E616D653D225461626C65566965774D6F64653A31222076616C75653D22322C302C3238342C302C323232302220766172747970653D2238222F3E3C70726F7065727479206E616D653D225461626C65566965774D6F64653A32222076616C75653D22322C302C3238342C302C323331302220766172747970653D2238222F3E3C70726F7065727479206E616D653D225461626C65566965774D6F64653A33222076616C75653D22322C302C3238342C302C323331302220766172747970653D2238222F3E3C70726F7065727479206E616D653D225461626C65566965774D6F64653A34222076616C75653D22342C302C3238342C302C323331302C31322C323733302C31312C313638302220766172747970653D2238222F3E3C2F646473786D6C6F626A3E3C2F6C61796F75746F626A6563743E3C73686170652067726F7570736861706569643D2230222067726F75706E6F64653D2230222F3E3C2F646473636F6E74726F6C3E3C646473636F6E74726F6C20636F6E74726F6C70726F6769643D227B36323341433037352D324337372D343837332D383833442D3933304234333634423442437D2220746F6F6C7469703D224E48415F53414E5F5855415422206C6566743D22313530302220746F703D223636303022206C6F676963616C69643D2231392220636F6E74726F6C69643D22313922206D617374657269643D2230222068696E74313D2230222068696E74323D2230222077696474683D223537363822206865696768743D223234363122206E6F726573697A653D223022206E6F6D6F76653D223022206E6F64656661756C74617474616368706F696E74733D223022206175746F647261673D2230222075736564656661756C7469646473686170653D2230222073656C65637461626C653D2231222073686F7773656C656374696F6E68616E646C65733D22302220616C6C6F776E756467696E673D223122206973616E6E6F746174696F6E3D22302220646F6E746175746F6C61796F75743D2230222067726F7570636F6C6C61707365643D2230222074616273746F703D2231222076697369626C653D22312220736E6170746F677269643D2231223E3C636F6E74726F6C3E3C646473786D6C6F626A65637473747265616D696E6974777261707065722062696E6172793D223231343333343132303830303030303038383136303030303964303930303030373835363334313230373030303030303134303130303030346530303438303034313030356630303533303034313030346530303566303035383030353530303431303035343030303030303030303665633630663435663036646366333566303330303030303032386565393831376666666666666666303031323030383032386565393831373934613062353566303031306231356639313064303030366666363066343566303664636633356630333030303030303238656539383137666666666666666630333030303030303238656539383137343862396235356630303130623135663935306430303036306436316634356634616433663335663035303030303030323865653938313766666666666666666630666666666666633133626131366631363063303038303030303030303030613030303030303032386565393831376338613062353566303031306231356639663064303030363661363166343566353464616633356630333030303030303238656539383137666666666666666666306666666666663238656539383137643061306235356630303130623135666132306430303036376336316634356635386433663335663036303030303030323865653938313766666666666666663261303330303030643533626235366664383034303038303030303030303030303030303030303030303030303030303031303030303030303530303030303035343030303030303263303030303030326330303030303032633030303030303334303030303030303030303030303030303030303030303232323930303030363531353030303030303030303030303264303130303030303730303030303030633030303030303037303030303030316330313030303030363039303030303632303730303030613430313030303030643032303030303737303130303030656330343030303031623033303030306530303130303030316230333030303065643033303030306232303230303030303030303030303030313030303030303838313630303030396430393030303030303030303030303032303030303030303230303030303030323030303030303032303030303030316330313030303061613061303030303030303030303030303130303030303033393133303030303761303530303030303030303030303030313030303030303031303030303030303230303030303030323030303030303163303130303030303630393030303030313030303030303030303030303030333931333030303033343033303030303030303030303030303030303030303030303030303030303032303030303030303230303030303031633031303030303036303930303030303030303030303030303030303030306431333130303030303932333030303030303030303030303030303030303030306430303030303030343030303030303034303030303030316330313030303030363039303030306161306130303030393030363030303037383536333431323034303030303030363230303030303030313030303030303031303030303030306230303030303030303030303030303031303030303030303230303030303030333030303030303034303030303030303530303030303030363030303030303037303030303030303830303030303030393030303030303061303030303030303430303030303036343030363230303666303030303030306430303030303034653030343830303431303035663030353330303431303034653030356630303538303035353030343130303534303030303030222F3E3C2F636F6E74726F6C3E3C6C61796F75746F626A6563743E3C646473786D6C6F626A3E3C70726F7065727479206E616D653D224163746976655461626C65566965774D6F6465222076616C75653D22312220766172747970653D2238222F3E3C70726F7065727479206E616D653D225461626C65566965774D6F64653A30222076616C75653D22342C302C3238342C302C323331302C312C313839302C352C313236302220766172747970653D2238222F3E3C70726F7065727479206E616D653D225461626C65566965774D6F64653A31222076616C75653D22322C302C3238342C302C323733302220766172747970653D2238222F3E3C70726F7065727479206E616D653D225461626C65566965774D6F64653A32222076616C75653D22322C302C3238342C302C323331302220766172747970653D2238222F3E3C70726F7065727479206E616D653D225461626C65566965774D6F64653A33222076616C75653D22322C302C3238342C302C323331302220766172747970653D2238222F3E3C70726F7065727479206E616D653D225461626C65566965774D6F64653A34222076616C75653D22342C302C3238342C302C323331302C31322C323733302C31312C313638302220766172747970653D2238222F3E3C2F646473786D6C6F626A3E3C2F6C61796F75746F626A6563743E3C73686170652067726F7570736861706569643D2230222067726F75706E6F64653D2230222F3E3C2F646473636F6E74726F6C3E3C646473636F6E74726F6C20636F6E74726F6C70726F6769643D227B36323341433037352D324337372D343837332D383833442D3933304234333634423442437D2220746F6F6C7469703D225452455F454D22206C6566743D2232313435302220746F703D22313539303022206C6F676963616C69643D2232302220636F6E74726F6C69643D22323022206D617374657269643D2230222068696E74313D2230222068696E74323D2230222077696474683D223537363822206865696768743D223234363122206E6F726573697A653D223022206E6F6D6F76653D223022206E6F64656661756C74617474616368706F696E74733D223022206175746F647261673D2230222075736564656661756C7469646473686170653D2230222073656C65637461626C653D2231222073686F7773656C656374696F6E68616E646C65733D22302220616C6C6F776E756467696E673D223122206973616E6E6F746174696F6E3D22302220646F6E746175746F6C61796F75743D2230222067726F7570636F6C6C61707365643D2230222074616273746F703D2231222076697369626C653D22312220736E6170746F677269643D2231223E3C636F6E74726F6C3E3C646473786D6C6F626A65637473747265616D696E6974777261707065722062696E6172793D223231343333343132303830303030303038383136303030303964303930303030373835363334313230373030303030303134303130303030353430303532303034353030356630303435303034643030303030303031303030313030303030303238303030313030303330303030303632303030303130303134303030303030353830306666666630303030303030303464303030303030303030303030303034643030303030303030303030303030323930306666666666666666666631313261303066666666303030303030303066666666666666663030303130303830323865653938313766306132623535663030313062313566313930653030303633323635663435666463653031383630303630303030303032386565393831376666666666666666356230303634303032386565393831376638613262353566303031306231356631613065303030363436363566343566386564336633356630363030303030303238656539383137666666666666666633323030333130306437336162373665343330313030383030303030303030306130303030303030323865653938313730306133623535663030313062313566316230653030303635353635663435663865643366333566303630303030303032386565393831376666666666666666373038663232363532386565393831373038613362353566303031306231356631633065303030363636363530303030303030303030303030303030303030303031303030303030303530303030303035343030303030303263303030303030326330303030303032633030303030303334303030303030303030303030303030303030303030303232323930303030363531353030303030303030303030303264303130303030303730303030303030633030303030303037303030303030316330313030303030363039303030303632303730303030613430313030303030643032303030303737303130303030656330343030303031623033303030306530303130303030316230333030303065643033303030306232303230303030303030303030303030313030303030303838313630303030396430393030303030303030303030303032303030303030303230303030303030323030303030303032303030303030316330313030303061613061303030303030303030303030303130303030303033393133303030306330303730303030303030303030303030323030303030303032303030303030303230303030303030323030303030303163303130303030303630393030303030313030303030303030303030303030333931333030303033343033303030303030303030303030303030303030303030303030303030303032303030303030303230303030303031633031303030303036303930303030303030303030303030303030303030306431333130303030303932333030303030303030303030303030303030303030306430303030303030343030303030303034303030303030316330313030303030363039303030306161306130303030393030363030303037383536333431323034303030303030353630303030303030313030303030303031303030303030306230303030303030303030303030303031303030303030303230303030303030333030303030303034303030303030303530303030303030363030303030303037303030303030303830303030303030393030303030303061303030303030303430303030303036343030363230303666303030303030303730303030303035343030353230303435303035663030343530303464303030303030222F3E3C2F636F6E74726F6C3E3C6C61796F75746F626A6563743E3C646473786D6C6F626A3E3C70726F7065727479206E616D653D224163746976655461626C65566965774D6F6465222076616C75653D22312220766172747970653D2238222F3E3C70726F7065727479206E616D653D225461626C65566965774D6F64653A30222076616C75653D22342C302C3238342C302C323331302C312C313839302C352C313236302220766172747970653D2238222F3E3C70726F7065727479206E616D653D225461626C65566965774D6F64653A31222076616C75653D22322C302C3238342C302C323733302220766172747970653D2238222F3E3C70726F7065727479206E616D653D225461626C65566965774D6F64653A32222076616C75653D22322C302C3238342C302C323331302220766172747970653D2238222F3E3C70726F7065727479206E616D653D225461626C65566965774D6F64653A33222076616C75653D22322C302C3238342C302C323331302220766172747970653D2238222F3E3C70726F7065727479206E616D653D225461626C65566965774D6F64653A34222076616C75653D22342C302C3238342C302C323331302C31322C323733302C31312C313638302220766172747970653D2238222F3E3C2F646473786D6C6F626A3E3C2F6C61796F75746F626A6563743E3C73686170652067726F7570736861706569643D2230222067726F75706E6F64653D2230222F3E3C2F646473636F6E74726F6C3E3C646473636F6E74726F6C2073656D616E746963636F6F6B69653D223031343835303636303130303030303036343030363230303666303030303030343630303462303035663030356630303534303035323030343530303566303034353030346430303566303035663030346430303431303035663030356630303334303033313030333230303435303034323030333030303432303033363030303030302220636F6E74726F6C70726F6769643D224D534444532E506F6C796C696E652E3038302E312220746F6F6C7469703D2252656C6174696F6E736869702027464B5F5F5452455F454D5F5F4D415F5F343132454230423627206265747765656E20274B484143485F48414E472720616E6420275452455F454D2722206C6566743D2231353231382220746F703D22313537393322206C6F676963616C69643D2232312220636F6E74726F6C69643D22323122206D617374657269643D2230222068696E74313D2230222068696E74323D2230222077696474683D223635333222206865696768743D223134353722206E6F726573697A653D223022206E6F6D6F76653D223022206E6F64656661756C74617474616368706F696E74733D223122206175746F647261673D2230222075736564656661756C7469646473686170653D2230222073656C65637461626C653D2231222073686F7773656C656374696F6E68616E646C65733D22302220616C6C6F776E756467696E673D223122206973616E6E6F746174696F6E3D22302220646F6E746175746F6C61796F75743D2230222067726F7570636F6C6C61707365643D2230222074616273746F703D2231222076697369626C653D22312220736E6170746F677269643D2230223E3C636F6E74726F6C3E3C646473786D6C6F626A3E3C706F6C796C696E6520656E64747970656473743D22322220656E64747970657372633D2232222075736572636F6C6F723D22313537393033323022206C696E657374796C653D223022206C696E6572656E6465723D22302220637573746F6D656E647479706564737469643D22302220637573746F6D656E647479706573726369643D2230222061646F726E7376697369626C653D2231223E3C61646F726E6D656E742070657263656E74706F733D2236322E373439353636393631343336382220636F6E74726F6C69643D223232222077696474683D223433323622206865696768743D223334342220736964653D223022206265686176696F723D2233222068696D65747269633D223431393222206469737466726F6D6C696E653D22313735222073746172746F626A3D22302220783D2231343531362220793D223137313235222076697369626C653D22302220616C6C6F776F7665726C61703D2231222075736570657263656E743D2231222F3E3C2F706F6C796C696E653E3C2F646473786D6C6F626A3E3C2F636F6E74726F6C3E3C6C61796F75746F626A6563743E3C646473786D6C6F626A2F3E3C2F6C61796F75746F626A6563743E3C636F6E6E6563746F7220736F7572636569643D223922206465737469643D2232302220736F75726365617474616368706F696E743D22313031222064657374617474616368706F696E743D22383622207365676D656E74656469746D6F64653D2230222062656E64706F696E74656469746D6F64653D2230222062656E64706F696E747669736962696C6974793D2230222072656C6174656469643D223022207669727475616C3D2230223E3C706F696E7420783D2231353531382220793D223136323030222F3E3C706F696E7420783D2231373733342220793D223136323030222F3E3C706F696E7420783D2231373733342220793D223136393530222F3E3C706F696E7420783D2232313435302220793D223136393530222F3E3C2F636F6E6E6563746F723E3C2F646473636F6E74726F6C3E3C646473636F6E74726F6C2073656D616E746963636F6F6B69653D22303133316231313733383331623131372220636F6E74726F6C70726F6769643D224D534444532E546578742E3038302E3122206C6566743D2231343531362220746F703D22313731323522206C6F676963616C69643D2232322220636F6E74726F6C69643D22323222206D617374657269643D223231222068696E74313D2230222068696E74323D2230222077696474683D223433323622206865696768743D2233343422206E6F726573697A653D223122206E6F6D6F76653D223022206E6F64656661756C74617474616368706F696E74733D223122206175746F647261673D2231222075736564656661756C7469646473686170653D2231222073656C65637461626C653D2231222073686F7773656C656374696F6E68616E646C65733D22312220616C6C6F776E756467696E673D223122206973616E6E6F746174696F6E3D22302220646F6E746175746F6C61796F75743D2231222067726F7570636F6C6C61707365643D2230222074616273746F703D2230222076697369626C653D22302220736E6170746F677269643D2230223E3C636F6E74726F6C3E3C646473786D6C6F626A65637473747265616D696E6974777261707065722062696E6172793D223030303230303030653631303030303035383031303030303033303030303030303030306666666666663030303830303030383030313030303030303135303030313030303030303930303134343432303130303036353436313638366636643631313830303436303034623030356630303566303035343030353230303435303035663030343530303464303035663030356630303464303034313030356630303566303033343030333130303332303034353030343230303330303034323030333630303030303030303030222F3E3C2F636F6E74726F6C3E3C6C61796F75746F626A6563743E3C646473786D6C6F626A2F3E3C2F6C61796F75746F626A6563743E3C73686170652067726F7570736861706569643D2230222067726F75706E6F64653D2230222F3E3C2F646473636F6E74726F6C3E3C646473636F6E74726F6C2073656D616E746963636F6F6B69653D223031346636383164303130303030303036343030363230303666303030303030343630303462303035663030356630303534303035323030343530303566303034353030346430303566303035663030346430303431303035663030346530303437303035353030346630303439303035663030356630303334303033323030333230303332303034343030333430303435303034363030303030302220636F6E74726F6C70726F6769643D224D534444532E506F6C796C696E652E3038302E312220746F6F6C7469703D2252656C6174696F6E736869702027464B5F5F5452455F454D5F5F4D415F4E47554F495F5F343232324434454627206265747765656E20274E47554F495F5448414E2720616E6420275452455F454D2722206C6566743D2232333434332220746F703D22313736363222206C6F676963616C69643D2232332220636F6E74726F6C69643D22323322206D617374657269643D2230222068696E74313D2230222068696E74323D2230222077696474683D2238313522206865696768743D223536383422206E6F726573697A653D223022206E6F6D6F76653D223022206E6F64656661756C74617474616368706F696E74733D223122206175746F647261673D2230222075736564656661756C7469646473686170653D2230222073656C65637461626C653D2231222073686F7773656C656374696F6E68616E646C65733D22302220616C6C6F776E756467696E673D223122206973616E6E6F746174696F6E3D22302220646F6E746175746F6C61796F75743D2230222067726F7570636F6C6C61707365643D2230222074616273746F703D2231222076697369626C653D22312220736E6170746F677269643D2230223E3C636F6E74726F6C3E3C646473786D6C6F626A3E3C706F6C796C696E6520656E64747970656473743D22302220656E64747970657372633D2232222075736572636F6C6F723D22313537393033323022206C696E657374796C653D223022206C696E6572656E6465723D22302220637573746F6D656E647479706564737469643D22302220637573746F6D656E647479706573726369643D2230222061646F726E7376697369626C653D2231223E3C61646F726E6D656E742070657263656E74706F733D2235302220636F6E74726F6C69643D223234222077696474683D223534373922206865696768743D223334342220736964653D223022206265686176696F723D2233222068696D65747269633D223231343422206469737466726F6D6C696E653D22313735222073746172746F626A3D22302220783D2232343032352220793D223230333333222076697369626C653D22302220616C6C6F776F7665726C61703D2231222075736570657263656E743D2231222F3E3C2F706F6C796C696E653E3C2F646473786D6C6F626A3E3C2F636F6E74726F6C3E3C6C61796F75746F626A6563743E3C646473786D6C6F626A2F3E3C2F6C61796F75746F626A6563743E3C636F6E6E6563746F7220736F7572636569643D22313822206465737469643D2232302220736F75726365617474616368706F696E743D223332222064657374617474616368706F696E743D22333122207365676D656E74656469746D6F64653D2230222062656E64706F696E74656469746D6F64653D2230222062656E64706F696E747669736962696C6974793D2230222072656C6174656469643D223022207669727475616C3D2230223E3C706F696E7420783D2232333835302220793D223232363530222F3E3C706F696E7420783D2232333835302220793D223138333631222F3E3C2F636F6E6E6563746F723E3C2F646473636F6E74726F6C3E3C646473636F6E74726F6C2073656D616E746963636F6F6B69653D22303132666231313737383266623131372220636F6E74726F6C70726F6769643D224D534444532E546578742E3038302E3122206C6566743D2232343032352220746F703D22323033333322206C6F676963616C69643D2232342220636F6E74726F6C69643D22323422206D617374657269643D223233222068696E74313D2230222068696E74323D2230222077696474683D223534373922206865696768743D2233343422206E6F726573697A653D223122206E6F6D6F76653D223022206E6F64656661756C74617474616368706F696E74733D223122206175746F647261673D2231222075736564656661756C7469646473686170653D2231222073656C65637461626C653D2231222073686F7773656C656374696F6E68616E646C65733D22312220616C6C6F776E756467696E673D223122206973616E6E6F746174696F6E3D22302220646F6E746175746F6C61796F75743D2231222067726F7570636F6C6C61707365643D2230222074616273746F703D2230222076697369626C653D22302220736E6170746F677269643D2230223E3C636F6E74726F6C3E3C646473786D6C6F626A65637473747265616D696E6974777261707065722062696E6172793D223030303230303030363731353030303035383031303030303033303030303030303030306666666666663030303830303030383030313030303030303135303030313030303030303930303134343432303130303036353436313638366636643631316530303436303034623030356630303566303035343030353230303435303035663030343530303464303035663030356630303464303034313030356630303465303034373030353530303466303034393030356630303566303033343030333230303332303033323030343430303334303034353030343630303030303030303030222F3E3C2F636F6E74726F6C3E3C6C61796F75746F626A6563743E3C646473786D6C6F626A2F3E3C2F6C61796F75746F626A6563743E3C73686170652067726F7570736861706569643D2230222067726F75706E6F64653D2230222F3E3C2F646473636F6E74726F6C3E3C646473636F6E74726F6C20636F6E74726F6C70726F6769643D227B36323341433037352D324337372D343837332D383833442D3933304234333634423442437D2220746F6F6C7469703D2256414343494E22206C6566743D223330302220746F703D22313339353022206C6F676963616C69643D2232352220636F6E74726F6C69643D22323522206D617374657269643D2230222068696E74313D2230222068696E74323D2230222077696474683D223537363822206865696768743D223536333622206E6F726573697A653D223022206E6F6D6F76653D223022206E6F64656661756C74617474616368706F696E74733D223022206175746F647261673D2230222075736564656661756C7469646473686170653D2230222073656C65637461626C653D2231222073686F7773656C656374696F6E68616E646C65733D22302220616C6C6F776E756467696E673D223122206973616E6E6F746174696F6E3D22302220646F6E746175746F6C61796F75743D2230222067726F7570636F6C6C61707365643D2230222074616273746F703D2231222076697369626C653D22312220736E6170746F677269643D2231223E3C636F6E74726F6C3E3C646473786D6C6F626A65637473747265616D696E6974777261707065722062696E6172793D223231343333343132303830303030303038383136303030303034313630303030373835363334313230373030303030303134303130303030353630303431303034333030343330303439303034653030303030303030303030303030303030303030303030303030303030303030303030303030303030303030303030303030303030303030303030303030303030303030303030303030303030303030303030303030303030303030303030303030303030303030303030303030303030303030303030303030303030303030303030303030303030303030303030303030303030303030303030303030303030303030303030303030303030303030303030303030303030303030303030303030303030303030303030303030303030303030303030303030303030303030303030303030303030303030303030303030303030303030303030303030303030303030303030303030303030303030303030303030303030303030303030303030303030303030303030303030303030303030303030303030303030303030303030303030303030303030303030303030303030303030303030303030303030303030303030303030303030303030303030303030303030303030303030303030303030303030303030303030303030303030303030303030303030303030303030303030303030303030303030303030303030303030303030303030303030303030303030303030303030303030303030303030303030303031303030303030303530303030303035343030303030303263303030303030326330303030303032633030303030303334303030303030303030303030303030303030303030303232323930303030663131393030303030303030303030303264303130303030303930303030303030633030303030303037303030303030316330313030303030363039303030303632303730303030613430313030303030643032303030303737303130303030656330343030303031623033303030306530303130303030316230333030303065643033303030306232303230303030303030303030303030313030303030303838313630303030303431363030303030303030303030303037303030303030303730303030303030323030303030303032303030303030316330313030303061633038303030303030303030303030303130303030303033393133303030306330303730303030303030303030303030323030303030303032303030303030303230303030303030323030303030303163303130303030303630393030303030313030303030303030303030303030333931333030303033343033303030303030303030303030303030303030303030303030303030303032303030303030303230303030303031633031303030303036303930303030303030303030303030303030303030306431333130303030303932333030303030303030303030303030303030303030306430303030303030343030303030303034303030303030316330313030303030363039303030306161306130303030393030363030303037383536333431323034303030303030353630303030303030313030303030303031303030303030306230303030303030303030303030303031303030303030303230303030303030333030303030303034303030303030303530303030303030363030303030303037303030303030303830303030303030393030303030303061303030303030303430303030303036343030363230303666303030303030303730303030303035363030343130303433303034333030343930303465303030303030222F3E3C2F636F6E74726F6C3E3C6C61796F75746F626A6563743E3C646473786D6C6F626A3E3C70726F7065727479206E616D653D224163746976655461626C65566965774D6F6465222076616C75653D22312220766172747970653D2238222F3E3C70726F7065727479206E616D653D225461626C65566965774D6F64653A30222076616C75653D22342C302C3238342C302C323331302C312C313839302C352C313236302220766172747970653D2238222F3E3C70726F7065727479206E616D653D225461626C65566965774D6F64653A31222076616C75653D22322C302C3238342C302C323232302220766172747970653D2238222F3E3C70726F7065727479206E616D653D225461626C65566965774D6F64653A32222076616C75653D22322C302C3238342C302C323331302220766172747970653D2238222F3E3C70726F7065727479206E616D653D225461626C65566965774D6F64653A33222076616C75653D22322C302C3238342C302C323331302220766172747970653D2238222F3E3C70726F7065727479206E616D653D225461626C65566965774D6F64653A34222076616C75653D22342C302C3238342C302C323331302C31322C323733302C31312C313638302220766172747970653D2238222F3E3C2F646473786D6C6F626A3E3C2F6C61796F75746F626A6563743E3C73686170652067726F7570736861706569643D2230222067726F75706E6F64653D2230222F3E3C2F646473636F6E74726F6C3E3C646473636F6E74726F6C2073656D616E746963636F6F6B69653D223031346636383164303130303030303036343030363230303666303030303030343630303462303035663030356630303536303034313030343330303433303034393030346530303566303035663030346430303431303035663030346530303438303034313030356630303533303035663030356630303334303033373030343430303432303034313030343530303334303033353030303030302220636F6E74726F6C70726F6769643D224D534444532E506F6C796C696E652E3038302E312220746F6F6C7469703D2252656C6174696F6E736869702027464B5F5F56414343494E5F5F4D415F4E48415F535F5F343744424145343527206265747765656E20274E48415F53414E5F585541542720616E64202756414343494E2722206C6566743D22333739332220746F703D223833363622206C6F676963616C69643D2232362220636F6E74726F6C69643D22323622206D617374657269643D2230222068696E74313D2230222068696E74323D2230222077696474683D2238313522206865696768743D223632383422206E6F726573697A653D223022206E6F6D6F76653D223022206E6F64656661756C74617474616368706F696E74733D223122206175746F647261673D2230222075736564656661756C7469646473686170653D2230222073656C65637461626C653D2231222073686F7773656C656374696F6E68616E646C65733D22302220616C6C6F776E756467696E673D223122206973616E6E6F746174696F6E3D22302220646F6E746175746F6C61796F75743D2230222067726F7570636F6C6C61707365643D2230222074616273746F703D2231222076697369626C653D22312220736E6170746F677269643D2230223E3C636F6E74726F6C3E3C646473786D6C6F626A3E3C706F6C796C696E6520656E64747970656473743D22302220656E64747970657372633D2232222075736572636F6C6F723D22313537393033323022206C696E657374796C653D223022206C696E6572656E6465723D22302220637573746F6D656E647479706564737469643D22302220637573746F6D656E647479706573726369643D2230222061646F726E7376697369626C653D2231223E3C61646F726E6D656E742070657263656E74706F733D2234392E383935373630393435313030382220636F6E74726F6C69643D223237222077696474683D223534373922206865696768743D223334342220736964653D223022206265686176696F723D2233222068696D65747269633D223234333922206469737466726F6D6C696E653D22313735222073746172746F626A3D22302220783D222D313435342220793D223131333238222076697369626C653D22302220616C6C6F776F7665726C61703D2231222075736570657263656E743D2231222F3E3C2F706F6C796C696E653E3C2F646473786D6C6F626A3E3C2F636F6E74726F6C3E3C6C61796F75746F626A6563743E3C646473786D6C6F626A2F3E3C2F6C61796F75746F626A6563743E3C636F6E6E6563746F7220736F7572636569643D22313922206465737469643D2232352220736F75726365617474616368706F696E743D223335222064657374617474616368706F696E743D22353022207365676D656E74656469746D6F64653D2230222062656E64706F696E74656469746D6F64653D2230222062656E64706F696E747669736962696C6974793D2230222072656C6174656469643D223022207669727475616C3D2230223E3C706F696E7420783D22343230302220793D2239303631222F3E3C706F696E7420783D22343230302220793D223133393530222F3E3C2F636F6E6E6563746F723E3C2F646473636F6E74726F6C3E3C646473636F6E74726F6C2073656D616E746963636F6F6B69653D22303133306231313737383330623131372220636F6E74726F6C70726F6769643D224D534444532E546578742E3038302E3122206C6566743D222D313435342220746F703D22313133323822206C6F676963616C69643D2232372220636F6E74726F6C69643D22323722206D617374657269643D223236222068696E74313D2230222068696E74323D2230222077696474683D223534373922206865696768743D2233343422206E6F726573697A653D223122206E6F6D6F76653D223022206E6F64656661756C74617474616368706F696E74733D223122206175746F647261673D2231222075736564656661756C7469646473686170653D2231222073656C65637461626C653D2231222073686F7773656C656374696F6E68616E646C65733D22312220616C6C6F776E756467696E673D223122206973616E6E6F746174696F6E3D22302220646F6E746175746F6C61796F75743D2231222067726F7570636F6C6C61707365643D2230222074616273746F703D2230222076697369626C653D22302220736E6170746F677269643D2230223E3C636F6E74726F6C3E3C646473786D6C6F626A65637473747265616D696E6974777261707065722062696E6172793D223030303230303030363731353030303035383031303030303033303030303030303030306666666666663030303830303030383030313030303030303135303030313030303030303930303134343432303130303036353436313638366636643631316530303436303034623030356630303566303035363030343130303433303034333030343930303465303035663030356630303464303034313030356630303465303034383030343130303566303035333030356630303566303033343030333730303434303034323030343130303435303033343030333530303030303030303030222F3E3C2F636F6E74726F6C3E3C6C61796F75746F626A6563743E3C646473786D6C6F626A2F3E3C2F6C61796F75746F626A6563743E3C73686170652067726F7570736861706569643D2230222067726F75706E6F64653D2230222F3E3C2F646473636F6E74726F6C3E3C646473636F6E74726F6C2073656D616E746963636F6F6B69653D223031303033353030303130303030303036343030363230303666303030303030343630303462303035663030356630303433303034383030343930303566303035343030343930303435303035343030356630303566303035663030346430303431303035663030353630303431303035663030356630303334303034353030333830303338303034313030343230303434303033343030303030302220636F6E74726F6C70726F6769643D224D534444532E506F6C796C696E652E3038302E312220746F6F6C7469703D2252656C6174696F6E736869702027464B5F5F4348495F544945545F5F5F4D415F56415F5F344538384142443427206265747765656E202756414343494E2720616E6420274348495F544945545F56414343494E2722206C6566743D222D353138322220746F703D22313130323122206C6F676963616C69643D2232382220636F6E74726F6C69643D22323822206D617374657269643D2230222068696E74313D2230222068696E74323D2230222077696474683D223537383222206865696768743D223631383722206E6F726573697A653D223022206E6F6D6F76653D223022206E6F64656661756C74617474616368706F696E74733D223122206175746F647261673D2230222075736564656661756C7469646473686170653D2230222073656C65637461626C653D2231222073686F7773656C656374696F6E68616E646C65733D22302220616C6C6F776E756467696E673D223122206973616E6E6F746174696F6E3D22302220646F6E746175746F6C61796F75743D2230222067726F7570636F6C6C61707365643D2230222074616273746F703D2231222076697369626C653D22312220736E6170746F677269643D2230223E3C636F6E74726F6C3E3C646473786D6C6F626A3E3C706F6C796C696E6520656E64747970656473743D22302220656E64747970657372633D2232222075736572636F6C6F723D22313537393033323022206C696E657374796C653D223022206C696E6572656E6465723D22302220637573746F6D656E647479706564737469643D22302220637573746F6D656E647479706573726369643D2230222061646F726E7376697369626C653D2231223E3C61646F726E6D656E742070657263656E74706F733D2236312E3230313337353731313537352220636F6E74726F6C69643D223239222077696474683D223533303622206865696768743D223334342220736964653D223022206265686176696F723D2233222068696D65747269633D223634373622206469737466726F6D6C696E653D22313735222073746172746F626A3D22302220783D222D333138362220793D223133343636222076697369626C653D22302220616C6C6F776F7665726C61703D2231222075736570657263656E743D2231222F3E3C2F706F6C796C696E653E3C2F646473786D6C6F626A3E3C2F636F6E74726F6C3E3C6C61796F75746F626A6563743E3C646473786D6C6F626A2F3E3C2F6C61796F75746F626A6563743E3C636F6E6E6563746F7220736F7572636569643D22323522206465737469643D22382220736F75726365617474616368706F696E743D22313130222064657374617474616368706F696E743D2231313322207365676D656E74656469746D6F64653D2230222062656E64706F696E74656469746D6F64653D2230222062656E64706F696E747669736962696C6974793D2230222072656C6174656469643D223022207669727475616C3D2230223E3C706F696E7420783D223330302220793D223136383030222F3E3C706F696E7420783D222D3435312220793D223136383030222F3E3C706F696E7420783D222D3435312220793D223136373839222F3E3C706F696E7420783D222D333336312220793D223136373839222F3E3C706F696E7420783D222D333336312220793D223131343030222F3E3C706F696E7420783D222D343838322220793D223131343030222F3E3C2F636F6E6E6563746F723E3C2F646473636F6E74726F6C3E3C646473636F6E74726F6C2073656D616E746963636F6F6B69653D22303133356231313766383335623131372220636F6E74726F6C70726F6769643D224D534444532E546578742E3038302E3122206C6566743D222D333138362220746F703D22313334363622206C6F676963616C69643D2232392220636F6E74726F6C69643D22323922206D617374657269643D223238222068696E74313D2230222068696E74323D2230222077696474683D223533303622206865696768743D2233343422206E6F726573697A653D223122206E6F6D6F76653D223022206E6F64656661756C74617474616368706F696E74733D223122206175746F647261673D2231222075736564656661756C7469646473686170653D2231222073656C65637461626C653D2231222073686F7773656C656374696F6E68616E646C65733D22312220616C6C6F776E756467696E673D223122206973616E6E6F746174696F6E3D22302220646F6E746175746F6C61796F75743D2231222067726F7570636F6C6C61707365643D2230222074616273746F703D2230222076697369626C653D22302220736E6170746F677269643D2230223E3C636F6E74726F6C3E3C646473786D6C6F626A65637473747265616D696E6974777261707065722062696E6172793D223030303230303030626131343030303035383031303030303033303030303030303030306666666666663030303830303030383030313030303030303135303030313030303030303930303134343432303130303036353436313638366636643631316530303436303034623030356630303566303034333030343830303439303035663030353430303439303034353030353430303566303035663030356630303464303034313030356630303536303034313030356630303566303033343030343530303338303033383030343130303432303034343030333430303030303030303030222F3E3C2F636F6E74726F6C3E3C6C61796F75746F626A6563743E3C646473786D6C6F626A2F3E3C2F6C61796F75746F626A6563743E3C73686170652067726F7570736861706569643D2230222067726F75706E6F64653D2230222F3E3C2F646473636F6E74726F6C3E3C646473636F6E74726F6C2073656D616E746963636F6F6B69653D223031303030303030303130303030303036343030363230303666303030303030343630303462303035663030356630303463303034393030343330303438303035663030353430303439303034353030346430303566303035663030346430303431303035663030353630303431303035663030356630303335303033323030333530303339303033333030343330303432303033383030303030302220636F6E74726F6C70726F6769643D224D534444532E506F6C796C696E652E3038302E312220746F6F6C7469703D2252656C6174696F6E736869702027464B5F5F4C4943485F5449454D5F5F4D415F56415F5F353235393343423827206265747765656E202756414343494E2720616E6420274C4943485F5449454D2722206C6566743D22313431392220746F703D22313838393122206C6F676963616C69643D2233302220636F6E74726F6C69643D22333022206D617374657269643D2230222068696E74313D2230222068696E74323D2230222077696474683D223238383922206865696768743D223437333922206E6F726573697A653D223022206E6F6D6F76653D223022206E6F64656661756C74617474616368706F696E74733D223122206175746F647261673D2230222075736564656661756C7469646473686170653D2230222073656C65637461626C653D2231222073686F7773656C656374696F6E68616E646C65733D22302220616C6C6F776E756467696E673D223122206973616E6E6F746174696F6E3D22302220646F6E746175746F6C61796F75743D2230222067726F7570636F6C6C61707365643D2230222074616273746F703D2231222076697369626C653D22312220736E6170746F677269643D2230223E3C636F6E74726F6C3E3C646473786D6C6F626A3E3C706F6C796C696E6520656E64747970656473743D22302220656E64747970657372633D2232222075736572636F6C6F723D22313537393033323022206C696E657374796C653D223022206C696E6572656E6465723D22302220637573746F6D656E647479706564737469643D22302220637573746F6D656E647479706573726369643D2230222061646F726E7376697369626C653D2231223E3C61646F726E6D656E742070657263656E74706F733D2236362E373130383938373936383836312220636F6E74726F6C69643D223331222077696474683D223533303622206865696768743D223334342220736964653D223122206265686176696F723D2233222068696D65747269633D223532393922206469737466726F6D6C696E653D22313735222073746172746F626A3D22302220783D22313839342220793D223232313835222076697369626C653D22302220616C6C6F776F7665726C61703D2231222075736570657263656E743D2231222F3E3C2F706F6C796C696E653E3C2F646473786D6C6F626A3E3C2F636F6E74726F6C3E3C6C61796F75746F626A6563743E3C646473786D6C6F626A2F3E3C2F6C61796F75746F626A6563743E3C636F6E6E6563746F7220736F7572636569643D22323522206465737469643D2231322220736F75726365617474616368706F696E743D223437222064657374617474616368706F696E743D22373522207365676D656E74656469746D6F64653D2230222062656E64706F696E74656469746D6F64653D2230222062656E64706F696E747669736962696C6974793D2230222072656C6174656469643D223022207669727475616C3D2230223E3C706F696E7420783D22333930302220793D223139353836222F3E3C706F696E7420783D22333930302220793D223230313834222F3E3C706F696E7420783D22313731392220793D223230313834222F3E3C706F696E7420783D22313731392220793D223231313831222F3E3C706F696E7420783D22313731392220793D223231313831222F3E3C706F696E7420783D22313731392220793D223233323530222F3E3C706F696E7420783D22333831382220793D223233323530222F3E3C2F636F6E6E6563746F723E3C2F646473636F6E74726F6C3E3C646473636F6E74726F6C2073656D616E746963636F6F6B69653D22303133316231313737383331623131372220636F6E74726F6C70726F6769643D224D534444532E546578742E3038302E3122206C6566743D22313839342220746F703D22323231383522206C6F676963616C69643D2233312220636F6E74726F6C69643D22333122206D617374657269643D223330222068696E74313D2230222068696E74323D2230222077696474683D223533303622206865696768743D2233343422206E6F726573697A653D223122206E6F6D6F76653D223022206E6F64656661756C74617474616368706F696E74733D223122206175746F647261673D2231222075736564656661756C7469646473686170653D2231222073656C65637461626C653D2231222073686F7773656C656374696F6E68616E646C65733D22312220616C6C6F776E756467696E673D223122206973616E6E6F746174696F6E3D22302220646F6E746175746F6C61796F75743D2231222067726F7570636F6C6C61707365643D2230222074616273746F703D2230222076697369626C653D22302220736E6170746F677269643D2230223E3C636F6E74726F6C3E3C646473786D6C6F626A65637473747265616D696E6974777261707065722062696E6172793D223030303230303030626131343030303035383031303030303033303030303030303030306666666666663030303830303030383030313030303030303135303030313030303030303930303134343432303130303036353436313638366636643631316530303436303034623030356630303566303034633030343930303433303034383030356630303534303034393030343530303464303035663030356630303464303034313030356630303536303034313030356630303566303033353030333230303335303033393030333330303433303034323030333830303030303030303030222F3E3C2F636F6E74726F6C3E3C6C61796F75746F626A6563743E3C646473786D6C6F626A2F3E3C2F6C61796F75746F626A6563743E3C73686170652067726F7570736861706569643D2230222067726F75706E6F64653D2230222F3E3C2F646473636F6E74726F6C3E3C2F6464733E0D0A0000000000000000000000000000000000000000000000000000000000000000000000000000000000000000000000000000000000000000000000000000000000000000000000000000000000000000000000000000000000000000000000000000000000000000000000000000000000000000000000000000000000000000000000000000000000000000000000000000000000000000000000000000000000000000000000000000000000000000000000000000000000000000000000000000000000000000000000000000000000000000000000000000000000000000000000000000000000000000000000000000000000000000000000000000000000000000000000000000000000000000000000000000000000000000000000000000000000000000000000000000000000000000000000000000000000000000000000000000000000000000000000000000000000000000000000000000000000000000000000000000000000000000000000000000000000000000000000000000000000000000000000000000000000000000000000000000000000000000000000000000000000000000000000000000000000000000000000000000000000000000000000000000000000000000000000FEFFFFFF02000000030000000400000005000000060000000700000008000000090000000A0000000B0000000C0000000D0000000E0000000F000000100000001100000012000000FEFFFFFFFEFFFFFFFFFFFFFFFFFFFFFFFFFFFFFFFFFFFFFFFFFFFFFFFFFFFFFFFFFFFFFFFFFFFFFFFFFFFFFFFFFFFFFFFFFFFFFFFFFFFFFFFFFFFFFFFFFFFFFFFFFFFFFFFFFFFFFFFFFFFFFFFFFFFFFFFFFFFFFFFFFFFFFFFFFFFFFFFFFFFFFFFFFFFFFFFFFFFFFFFFFFFFFFFFFFFFFFFFFFFFFFFFFFFFFFFFFFFFFFFFFFFFFFFFFFFFFFFFFFFFFFFFFFFFFFFFFFFFFFFFFFFFFFFFFFFFFFFFFFFFFFFFFFFFFFFFFFFFFFFFFFFFFFFFFFFFFFFFFFFFFFFFFFFFFFFFFFFFFFFFFFFFFFFFFFFFFFFFFFFFFFFFFFFFFFFFFFFFFFFFFFFFFFFFFFFFFFFFFFFFFFFFFFFFFFFFFFFFFFFFFFFFFFFFFFFFFFFFFFFFFFFFFFFFFFFFFFFFFFFFFFFFFFFFFFFFFFFFFFFFFFFFFFFFFFFFFFFFFFFFFFFFFFFFFFFFFFFFFFFFFFFFFFFFFFFFFFFFFFFFFFFFFFFFFFFFFFFFFFFFFFFFFFFFFFFFFFFFFFFFFFFFFFFFFFFFFFFFFFFFFFFFFFFFFFFFFFFFFFFFFFFFFFFFFFFFFFFFFFFFFFFFFFFFFFFFFFFFFFFFFFFFFFFFFFFFFFFFFFFFFFFFFFFFFFFFFFFFFFFFFFFFFFFFFFFFFFFFFFFFFFFFFFFFFFFFFFFFFFFFFFFFFFFFFFFFFFFFFFFFFFFFFFFFFFFFFFFFFFFFFFFFFFFFFFFFFFFFFFFFFFFFFFFFFFFFFFFFFFFFFFFFFFFFFFFFFFFFFFFFFFFFFFFFFF010003000000000000000C0000000B0000004E61BC00000000000000000000000000000000000000000000000000000000000000000000000000000000000000DBE6B0E91C81D011AD5100A0C90F57390000020040D6C6000F1BD801020200001048450000000000000000000000000000000000F40100004400610074006100200053006F0075007200630065003D004400450053004B0054004F0050002D0041004600320038004A00480041005C004B0054004800550043003B0049006E0069007400690061006C00200043006100740061006C006F0067003D004500580041004D005F004E004D004300530044004C005F005300540041004E0044004100520044003B0049006E00740065006700720061007400650064002000530065006300750072006900740079003D0054007200750065003B004D0075006C007400690070006C00650041006300740069007600650052006500730075006C00740053006500740073003D00460061006C00730065003B0043006F006E006E006500630074002000540069006D0065006F00750074003D00330030003B0054007200750073007400530065007200760065007200430065007200740069006600690063006100740065003D00460061006C00730065003B005000610063006B00650074002000530069007A0065003D0034003000390036003B004100700070006C00690063006100740069006F006E0020004E0061006D0065003D0022004D006900630072006F0073006F00660074002000530051004C00200053006500720076006500720020004D0061006E006100670065006D0065006E0074002000530074007500640069006F002200000000800500080000004500520044000000000226000E0000004200410043005F0053004900000008000000640062006F00000000022600160000004200410043005F00530049005F00530044005400000008000000640062006F00000000022600260000004300480049005F0054004900450054005F004C004900430048005F005400490045004D00000008000000640062006F00000000022600200000004300480049005F0054004900450054005F00560041004300430049004E00000008000000640062006F00000000022600160000004B0048004100430048005F00480041004E004700000008000000640062006F00000000022600140000004C004900430048005F005400490045004D00000008000000640062006F00000000022600140000004E00470055004F0049005F004C004F004E00000008000000640062006F00000000022600160000004E00470055004F0049005F005400480041004E00000008000000640062006F000000000226001A0000004E00480041005F00530041004E005F005800550041005400000008000000640062006F000000000226000E0000005400520045005F0045004D00000008000000640062006F000000000224000E000000560041004300430049004E00000008000000640062006F00000001000000D68509B3BB6BF2459AB8371664F0327008004E0000007B00310036003300340043004400440037002D0030003800380038002D0034003200450033002D0039004600410032002D004200360044003300320035003600330042003900310044007D000000000000000000000000000000010003000000000000000C0000000B000000000000000000000000000000000000000000000000000000000000000000000000000000000000000000000000000000000000000000000000000000000000000000000000000000000000000000000000000000000000000000000000000000000000000000000000000000000000000000000000000000000000000000000000000000000000000000000000000000000000000000000000000000000000000000000000000000000000000000000000000000000000000000000000000000000000000000000000000000000000000000000000000000000000000000000000000000000000000000000000000000000000000000000000000000000000000000000000000000000000000000000000000000000000000000000000000000000000000000000000000000000053006300680065006D00610020005500440056002000440065006600610075006C007400200050006F007300740020005600360000000000000000000000000036000200FFFFFFFFFFFFFFFFFFFFFFFF0000000000000000000000000000000000000000000000000000000000000000000000001300000012000000000000000000000000000000000000000000000000000000000000000000000000000000000000000000000000000000000000000000000000000000000000000000000000000000FFFFFFFFFFFFFFFFFFFFFFFF0000000000000000000000000000000000000000000000000000000000000000000000000000000000000000000000000000000000000000000000000000000000000000000000000000000000000000000000000000000000000000000000000000000000000000000000000000000000000000FFFFFFFFFFFFFFFFFFFFFFFF0000000000000000000000000000000000000000000000000000000000000000000000000000000000000000000000000000000000000000000000000000000000000000000000000000000000000000000000000000000000000000000000000000000000000000000000000000000000000000FFFFFFFFFFFFFFFFFFFFFFFF00000000000000000000000000000000000000000000000000000000000000000000000000000000000000000000000062885214)
GO

SET IDENTITY_INSERT [dbo].[sysdiagrams] OFF
GO


-- ----------------------------
-- Table structure for TRE_EM
-- ----------------------------
IF EXISTS (SELECT * FROM sys.all_objects WHERE object_id = OBJECT_ID(N'[dbo].[TRE_EM]') AND type IN ('U'))
	DROP TABLE [dbo].[TRE_EM]
GO

CREATE TABLE [dbo].[TRE_EM] (
  [MA] varchar(6) COLLATE SQL_Latin1_General_CP1_CI_AS  NOT NULL,
  [MA_NGUOI_THAN] varchar(6) COLLATE SQL_Latin1_General_CP1_CI_AS  NULL
)
GO

ALTER TABLE [dbo].[TRE_EM] SET (LOCK_ESCALATION = TABLE)
GO


-- ----------------------------
-- Records of TRE_EM
-- ----------------------------
INSERT INTO [dbo].[TRE_EM] ([MA], [MA_NGUOI_THAN]) VALUES (N'KH02', N'NT01')
GO

INSERT INTO [dbo].[TRE_EM] ([MA], [MA_NGUOI_THAN]) VALUES (N'KH03', N'NT02')
GO


-- ----------------------------
-- Table structure for VACCIN
-- ----------------------------
IF EXISTS (SELECT * FROM sys.all_objects WHERE object_id = OBJECT_ID(N'[dbo].[VACCIN]') AND type IN ('U'))
	DROP TABLE [dbo].[VACCIN]
GO

CREATE TABLE [dbo].[VACCIN] (
  [MA] varchar(6) COLLATE SQL_Latin1_General_CP1_CI_AS  NOT NULL,
  [LIEU_DUNG] int DEFAULT ((1)) NULL,
  [DUONG_TRUYEN] nvarchar(50) COLLATE SQL_Latin1_General_CP1_CI_AS  NULL,
  [MA_LOAI] varchar(10) COLLATE SQL_Latin1_General_CP1_CI_AS  NULL,
  [TEN_LOAI] nvarchar(50) COLLATE SQL_Latin1_General_CP1_CI_AS  NULL,
  [THOI_GIAN_NHAC_LAI] int  NULL,
  [MA_NHA_SAN_XUAT] varchar(10) COLLATE SQL_Latin1_General_CP1_CI_AS  NULL
)
GO

ALTER TABLE [dbo].[VACCIN] SET (LOCK_ESCALATION = TABLE)
GO


-- ----------------------------
-- Records of VACCIN
-- ----------------------------
INSERT INTO [dbo].[VACCIN] ([MA], [LIEU_DUNG], [DUONG_TRUYEN], [MA_LOAI], [TEN_LOAI], [THOI_GIAN_NHAC_LAI], [MA_NHA_SAN_XUAT]) VALUES (N'VC01', N'2', N'Tiêm bắp', N'mRNA', N'Vaccin RNA truyền tin', N'12', N'PFIZER')
GO

INSERT INTO [dbo].[VACCIN] ([MA], [LIEU_DUNG], [DUONG_TRUYEN], [MA_LOAI], [TEN_LOAI], [THOI_GIAN_NHAC_LAI], [MA_NHA_SAN_XUAT]) VALUES (N'VC02', N'2', N'Tiêm bắp', N'mRNA', N'Vaccin RNA truyền tin', N'10', N'MODERNA')
GO


-- ----------------------------
-- procedure structure for sp_upgraddiagrams
-- ----------------------------
IF EXISTS (SELECT * FROM sys.all_objects WHERE object_id = OBJECT_ID(N'[dbo].[sp_upgraddiagrams]') AND type IN ('FN', 'FS', 'FT', 'IF', 'TF'))
	DROP PROCEDURE[dbo].[sp_upgraddiagrams]
GO

CREATE PROCEDURE [dbo].[sp_upgraddiagrams]
	AS
	BEGIN
		IF OBJECT_ID(N'dbo.sysdiagrams') IS NOT NULL
			return 0;
	
		CREATE TABLE dbo.sysdiagrams
		(
			name sysname NOT NULL,
			principal_id int NOT NULL,	-- we may change it to varbinary(85)
			diagram_id int PRIMARY KEY IDENTITY,
			version int,
	
			definition varbinary(max)
			CONSTRAINT UK_principal_name UNIQUE
			(
				principal_id,
				name
			)
		);


		/* Add this if we need to have some form of extended properties for diagrams */
		/*
		IF OBJECT_ID(N'dbo.sysdiagram_properties') IS NULL
		BEGIN
			CREATE TABLE dbo.sysdiagram_properties
			(
				diagram_id int,
				name sysname,
				value varbinary(max) NOT NULL
			)
		END
		*/

		IF OBJECT_ID(N'dbo.dtproperties') IS NOT NULL
		begin
			insert into dbo.sysdiagrams
			(
				[name],
				[principal_id],
				[version],
				[definition]
			)
			select	 
				convert(sysname, dgnm.[uvalue]),
				DATABASE_PRINCIPAL_ID(N'dbo'),			-- will change to the sid of sa
				0,							-- zero for old format, dgdef.[version],
				dgdef.[lvalue]
			from dbo.[dtproperties] dgnm
				inner join dbo.[dtproperties] dggd on dggd.[property] = 'DtgSchemaGUID' and dggd.[objectid] = dgnm.[objectid]	
				inner join dbo.[dtproperties] dgdef on dgdef.[property] = 'DtgSchemaDATA' and dgdef.[objectid] = dgnm.[objectid]
				
			where dgnm.[property] = 'DtgSchemaNAME' and dggd.[uvalue] like N'_EA3E6268-D998-11CE-9454-00AA00A3F36E_' 
			return 2;
		end
		return 1;
	END
GO


-- ----------------------------
-- procedure structure for sp_helpdiagrams
-- ----------------------------
IF EXISTS (SELECT * FROM sys.all_objects WHERE object_id = OBJECT_ID(N'[dbo].[sp_helpdiagrams]') AND type IN ('FN', 'FS', 'FT', 'IF', 'TF'))
	DROP PROCEDURE[dbo].[sp_helpdiagrams]
GO

CREATE PROCEDURE [dbo].[sp_helpdiagrams]
	(
		@diagramname sysname = NULL,
		@owner_id int = NULL
	)
	WITH EXECUTE AS N'dbo'
	AS
	BEGIN
		DECLARE @user sysname
		DECLARE @dboLogin bit
		EXECUTE AS CALLER;
			SET @user = USER_NAME();
			SET @dboLogin = CONVERT(bit,IS_MEMBER('db_owner'));
		REVERT;
		SELECT
			[Database] = DB_NAME(),
			[Name] = name,
			[ID] = diagram_id,
			[Owner] = USER_NAME(principal_id),
			[OwnerID] = principal_id
		FROM
			sysdiagrams
		WHERE
			(@dboLogin = 1 OR USER_NAME(principal_id) = @user) AND
			(@diagramname IS NULL OR name = @diagramname) AND
			(@owner_id IS NULL OR principal_id = @owner_id)
		ORDER BY
			4, 5, 1
	END
GO


-- ----------------------------
-- procedure structure for sp_helpdiagramdefinition
-- ----------------------------
IF EXISTS (SELECT * FROM sys.all_objects WHERE object_id = OBJECT_ID(N'[dbo].[sp_helpdiagramdefinition]') AND type IN ('FN', 'FS', 'FT', 'IF', 'TF'))
	DROP PROCEDURE[dbo].[sp_helpdiagramdefinition]
GO

CREATE PROCEDURE [dbo].[sp_helpdiagramdefinition]
	(
		@diagramname 	sysname,
		@owner_id	int	= null 		
	)
	WITH EXECUTE AS N'dbo'
	AS
	BEGIN
		set nocount on

		declare @theId 		int
		declare @IsDbo 		int
		declare @DiagId		int
		declare @UIDFound	int
	
		if(@diagramname is null)
		begin
			RAISERROR (N'E_INVALIDARG', 16, 1);
			return -1
		end
	
		execute as caller;
		select @theId = DATABASE_PRINCIPAL_ID();
		select @IsDbo = IS_MEMBER(N'db_owner');
		if(@owner_id is null)
			select @owner_id = @theId;
		revert; 
	
		select @DiagId = diagram_id, @UIDFound = principal_id from dbo.sysdiagrams where principal_id = @owner_id and name = @diagramname;
		if(@DiagId IS NULL or (@IsDbo = 0 and @UIDFound <> @theId ))
		begin
			RAISERROR ('Diagram does not exist or you do not have permission.', 16, 1);
			return -3
		end

		select version, definition FROM dbo.sysdiagrams where diagram_id = @DiagId ; 
		return 0
	END
GO


-- ----------------------------
-- procedure structure for sp_creatediagram
-- ----------------------------
IF EXISTS (SELECT * FROM sys.all_objects WHERE object_id = OBJECT_ID(N'[dbo].[sp_creatediagram]') AND type IN ('FN', 'FS', 'FT', 'IF', 'TF'))
	DROP PROCEDURE[dbo].[sp_creatediagram]
GO

CREATE PROCEDURE [dbo].[sp_creatediagram]
	(
		@diagramname 	sysname,
		@owner_id		int	= null, 	
		@version 		int,
		@definition 	varbinary(max)
	)
	WITH EXECUTE AS 'dbo'
	AS
	BEGIN
		set nocount on
	
		declare @theId int
		declare @retval int
		declare @IsDbo	int
		declare @userName sysname
		if(@version is null or @diagramname is null)
		begin
			RAISERROR (N'E_INVALIDARG', 16, 1);
			return -1
		end
	
		execute as caller;
		select @theId = DATABASE_PRINCIPAL_ID(); 
		select @IsDbo = IS_MEMBER(N'db_owner');
		revert; 
		
		if @owner_id is null
		begin
			select @owner_id = @theId;
		end
		else
		begin
			if @theId <> @owner_id
			begin
				if @IsDbo = 0
				begin
					RAISERROR (N'E_INVALIDARG', 16, 1);
					return -1
				end
				select @theId = @owner_id
			end
		end
		-- next 2 line only for test, will be removed after define name unique
		if EXISTS(select diagram_id from dbo.sysdiagrams where principal_id = @theId and name = @diagramname)
		begin
			RAISERROR ('The name is already used.', 16, 1);
			return -2
		end
	
		insert into dbo.sysdiagrams(name, principal_id , version, definition)
				VALUES(@diagramname, @theId, @version, @definition) ;
		
		select @retval = @@IDENTITY 
		return @retval
	END
GO


-- ----------------------------
-- procedure structure for sp_renamediagram
-- ----------------------------
IF EXISTS (SELECT * FROM sys.all_objects WHERE object_id = OBJECT_ID(N'[dbo].[sp_renamediagram]') AND type IN ('FN', 'FS', 'FT', 'IF', 'TF'))
	DROP PROCEDURE[dbo].[sp_renamediagram]
GO

CREATE PROCEDURE [dbo].[sp_renamediagram]
	(
		@diagramname 		sysname,
		@owner_id		int	= null,
		@new_diagramname	sysname
	
	)
	WITH EXECUTE AS 'dbo'
	AS
	BEGIN
		set nocount on
		declare @theId 			int
		declare @IsDbo 			int
		
		declare @UIDFound 		int
		declare @DiagId			int
		declare @DiagIdTarg		int
		declare @u_name			sysname
		if((@diagramname is null) or (@new_diagramname is null))
		begin
			RAISERROR ('Invalid value', 16, 1);
			return -1
		end
	
		EXECUTE AS CALLER;
		select @theId = DATABASE_PRINCIPAL_ID();
		select @IsDbo = IS_MEMBER(N'db_owner'); 
		if(@owner_id is null)
			select @owner_id = @theId;
		REVERT;
	
		select @u_name = USER_NAME(@owner_id)
	
		select @DiagId = diagram_id, @UIDFound = principal_id from dbo.sysdiagrams where principal_id = @owner_id and name = @diagramname 
		if(@DiagId IS NULL or (@IsDbo = 0 and @UIDFound <> @theId))
		begin
			RAISERROR ('Diagram does not exist or you do not have permission.', 16, 1)
			return -3
		end
	
		-- if((@u_name is not null) and (@new_diagramname = @diagramname))	-- nothing will change
		--	return 0;
	
		if(@u_name is null)
			select @DiagIdTarg = diagram_id from dbo.sysdiagrams where principal_id = @theId and name = @new_diagramname
		else
			select @DiagIdTarg = diagram_id from dbo.sysdiagrams where principal_id = @owner_id and name = @new_diagramname
	
		if((@DiagIdTarg is not null) and  @DiagId <> @DiagIdTarg)
		begin
			RAISERROR ('The name is already used.', 16, 1);
			return -2
		end		
	
		if(@u_name is null)
			update dbo.sysdiagrams set [name] = @new_diagramname, principal_id = @theId where diagram_id = @DiagId
		else
			update dbo.sysdiagrams set [name] = @new_diagramname where diagram_id = @DiagId
		return 0
	END
GO


-- ----------------------------
-- procedure structure for sp_alterdiagram
-- ----------------------------
IF EXISTS (SELECT * FROM sys.all_objects WHERE object_id = OBJECT_ID(N'[dbo].[sp_alterdiagram]') AND type IN ('FN', 'FS', 'FT', 'IF', 'TF'))
	DROP PROCEDURE[dbo].[sp_alterdiagram]
GO

CREATE PROCEDURE [dbo].[sp_alterdiagram]
	(
		@diagramname 	sysname,
		@owner_id	int	= null,
		@version 	int,
		@definition 	varbinary(max)
	)
	WITH EXECUTE AS 'dbo'
	AS
	BEGIN
		set nocount on
	
		declare @theId 			int
		declare @retval 		int
		declare @IsDbo 			int
		
		declare @UIDFound 		int
		declare @DiagId			int
		declare @ShouldChangeUID	int
	
		if(@diagramname is null)
		begin
			RAISERROR ('Invalid ARG', 16, 1)
			return -1
		end
	
		execute as caller;
		select @theId = DATABASE_PRINCIPAL_ID();	 
		select @IsDbo = IS_MEMBER(N'db_owner'); 
		if(@owner_id is null)
			select @owner_id = @theId;
		revert;
	
		select @ShouldChangeUID = 0
		select @DiagId = diagram_id, @UIDFound = principal_id from dbo.sysdiagrams where principal_id = @owner_id and name = @diagramname 
		
		if(@DiagId IS NULL or (@IsDbo = 0 and @theId <> @UIDFound))
		begin
			RAISERROR ('Diagram does not exist or you do not have permission.', 16, 1);
			return -3
		end
	
		if(@IsDbo <> 0)
		begin
			if(@UIDFound is null or USER_NAME(@UIDFound) is null) -- invalid principal_id
			begin
				select @ShouldChangeUID = 1 ;
			end
		end

		-- update dds data			
		update dbo.sysdiagrams set definition = @definition where diagram_id = @DiagId ;

		-- change owner
		if(@ShouldChangeUID = 1)
			update dbo.sysdiagrams set principal_id = @theId where diagram_id = @DiagId ;

		-- update dds version
		if(@version is not null)
			update dbo.sysdiagrams set version = @version where diagram_id = @DiagId ;

		return 0
	END
GO


-- ----------------------------
-- procedure structure for sp_dropdiagram
-- ----------------------------
IF EXISTS (SELECT * FROM sys.all_objects WHERE object_id = OBJECT_ID(N'[dbo].[sp_dropdiagram]') AND type IN ('FN', 'FS', 'FT', 'IF', 'TF'))
	DROP PROCEDURE[dbo].[sp_dropdiagram]
GO

CREATE PROCEDURE [dbo].[sp_dropdiagram]
	(
		@diagramname 	sysname,
		@owner_id	int	= null
	)
	WITH EXECUTE AS 'dbo'
	AS
	BEGIN
		set nocount on
		declare @theId 			int
		declare @IsDbo 			int
		
		declare @UIDFound 		int
		declare @DiagId			int
	
		if(@diagramname is null)
		begin
			RAISERROR ('Invalid value', 16, 1);
			return -1
		end
	
		EXECUTE AS CALLER;
		select @theId = DATABASE_PRINCIPAL_ID();
		select @IsDbo = IS_MEMBER(N'db_owner'); 
		if(@owner_id is null)
			select @owner_id = @theId;
		REVERT; 
		
		select @DiagId = diagram_id, @UIDFound = principal_id from dbo.sysdiagrams where principal_id = @owner_id and name = @diagramname 
		if(@DiagId IS NULL or (@IsDbo = 0 and @UIDFound <> @theId))
		begin
			RAISERROR ('Diagram does not exist or you do not have permission.', 16, 1)
			return -3
		end
	
		delete from dbo.sysdiagrams where diagram_id = @DiagId;
	
		return 0;
	END
GO


-- ----------------------------
-- function structure for fn_diagramobjects
-- ----------------------------
IF EXISTS (SELECT * FROM sys.all_objects WHERE object_id = OBJECT_ID(N'[dbo].[fn_diagramobjects]') AND type IN ('FN', 'FS', 'FT', 'IF', 'TF'))
	DROP FUNCTION[dbo].[fn_diagramobjects]
GO

CREATE FUNCTION [dbo].[fn_diagramobjects]() 
	RETURNS int
	WITH EXECUTE AS N'dbo'
	AS
	BEGIN
		declare @id_upgraddiagrams		int
		declare @id_sysdiagrams			int
		declare @id_helpdiagrams		int
		declare @id_helpdiagramdefinition	int
		declare @id_creatediagram	int
		declare @id_renamediagram	int
		declare @id_alterdiagram 	int 
		declare @id_dropdiagram		int
		declare @InstalledObjects	int

		select @InstalledObjects = 0

		select 	@id_upgraddiagrams = object_id(N'dbo.sp_upgraddiagrams'),
			@id_sysdiagrams = object_id(N'dbo.sysdiagrams'),
			@id_helpdiagrams = object_id(N'dbo.sp_helpdiagrams'),
			@id_helpdiagramdefinition = object_id(N'dbo.sp_helpdiagramdefinition'),
			@id_creatediagram = object_id(N'dbo.sp_creatediagram'),
			@id_renamediagram = object_id(N'dbo.sp_renamediagram'),
			@id_alterdiagram = object_id(N'dbo.sp_alterdiagram'), 
			@id_dropdiagram = object_id(N'dbo.sp_dropdiagram')

		if @id_upgraddiagrams is not null
			select @InstalledObjects = @InstalledObjects + 1
		if @id_sysdiagrams is not null
			select @InstalledObjects = @InstalledObjects + 2
		if @id_helpdiagrams is not null
			select @InstalledObjects = @InstalledObjects + 4
		if @id_helpdiagramdefinition is not null
			select @InstalledObjects = @InstalledObjects + 8
		if @id_creatediagram is not null
			select @InstalledObjects = @InstalledObjects + 16
		if @id_renamediagram is not null
			select @InstalledObjects = @InstalledObjects + 32
		if @id_alterdiagram  is not null
			select @InstalledObjects = @InstalledObjects + 64
		if @id_dropdiagram is not null
			select @InstalledObjects = @InstalledObjects + 128
		
		return @InstalledObjects 
	END
GO


-- ----------------------------
-- Primary Key structure for table BAC_SI
-- ----------------------------
ALTER TABLE [dbo].[BAC_SI] ADD CONSTRAINT [PK__BAC_SI__3214CCBFF6FB2506] PRIMARY KEY CLUSTERED ([MA])
WITH (PAD_INDEX = OFF, STATISTICS_NORECOMPUTE = OFF, IGNORE_DUP_KEY = OFF, ALLOW_ROW_LOCKS = ON, ALLOW_PAGE_LOCKS = ON)  
ON [PRIMARY]
GO


-- ----------------------------
-- Primary Key structure for table BAC_SI_SDT
-- ----------------------------
ALTER TABLE [dbo].[BAC_SI_SDT] ADD CONSTRAINT [PK__BAC_SI_S__6EB55FB5F246D392] PRIMARY KEY CLUSTERED ([MA], [SDT])
WITH (PAD_INDEX = OFF, STATISTICS_NORECOMPUTE = OFF, IGNORE_DUP_KEY = OFF, ALLOW_ROW_LOCKS = ON, ALLOW_PAGE_LOCKS = ON)  
ON [PRIMARY]
GO


-- ----------------------------
-- Primary Key structure for table CHI_TIET_LICH_TIEM
-- ----------------------------
ALTER TABLE [dbo].[CHI_TIET_LICH_TIEM] ADD CONSTRAINT [PK__CHI_TIET__969D2F213F727BBE] PRIMARY KEY CLUSTERED ([MA_LICH_TIEM], [MA_BAC_SI], [MA_KHACH_HANG])
WITH (PAD_INDEX = OFF, STATISTICS_NORECOMPUTE = OFF, IGNORE_DUP_KEY = OFF, ALLOW_ROW_LOCKS = ON, ALLOW_PAGE_LOCKS = ON)  
ON [PRIMARY]
GO


-- ----------------------------
-- Checks structure for table CHI_TIET_VACCIN
-- ----------------------------
ALTER TABLE [dbo].[CHI_TIET_VACCIN] ADD CONSTRAINT [CK_DATE] CHECK ([NGAY_HET_HAN]>[NGAY_SAN_XUAT])
GO


-- ----------------------------
-- Primary Key structure for table CHI_TIET_VACCIN
-- ----------------------------
ALTER TABLE [dbo].[CHI_TIET_VACCIN] ADD CONSTRAINT [PK__CHI_TIET__EED7D96FA2E96228] PRIMARY KEY CLUSTERED ([MA_VACCIN], [MA_LO])
WITH (PAD_INDEX = OFF, STATISTICS_NORECOMPUTE = OFF, IGNORE_DUP_KEY = OFF, ALLOW_ROW_LOCKS = ON, ALLOW_PAGE_LOCKS = ON)  
ON [PRIMARY]
GO


-- ----------------------------
-- Checks structure for table KHACH_HANG
-- ----------------------------
ALTER TABLE [dbo].[KHACH_HANG] ADD CONSTRAINT [CK_CHECK_NGAY_SINH] CHECK (datediff(year,[NGAY_SINH],getdate())>=(0) AND datediff(year,[NGAY_SINH],getdate())<=(120))
GO


-- ----------------------------
-- Primary Key structure for table KHACH_HANG
-- ----------------------------
ALTER TABLE [dbo].[KHACH_HANG] ADD CONSTRAINT [PK__KHACH_HA__3214CCBF5472E0B7] PRIMARY KEY CLUSTERED ([MA])
WITH (PAD_INDEX = OFF, STATISTICS_NORECOMPUTE = OFF, IGNORE_DUP_KEY = OFF, ALLOW_ROW_LOCKS = ON, ALLOW_PAGE_LOCKS = ON)  
ON [PRIMARY]
GO


-- ----------------------------
-- Primary Key structure for table LICH_TIEM
-- ----------------------------
ALTER TABLE [dbo].[LICH_TIEM] ADD CONSTRAINT [PK__LICH_TIE__3214CCBF15E5A171] PRIMARY KEY CLUSTERED ([MA])
WITH (PAD_INDEX = OFF, STATISTICS_NORECOMPUTE = OFF, IGNORE_DUP_KEY = OFF, ALLOW_ROW_LOCKS = ON, ALLOW_PAGE_LOCKS = ON)  
ON [PRIMARY]
GO


-- ----------------------------
-- Primary Key structure for table NGUOI_LON
-- ----------------------------
ALTER TABLE [dbo].[NGUOI_LON] ADD CONSTRAINT [PK__NGUOI_LO__6EB55FB59DFA117C] PRIMARY KEY CLUSTERED ([MA], [SDT])
WITH (PAD_INDEX = OFF, STATISTICS_NORECOMPUTE = OFF, IGNORE_DUP_KEY = OFF, ALLOW_ROW_LOCKS = ON, ALLOW_PAGE_LOCKS = ON)  
ON [PRIMARY]
GO


-- ----------------------------
-- Primary Key structure for table NGUOI_THAN
-- ----------------------------
ALTER TABLE [dbo].[NGUOI_THAN] ADD CONSTRAINT [PK__NGUOI_TH__3214CCBF19B98137] PRIMARY KEY CLUSTERED ([MA])
WITH (PAD_INDEX = OFF, STATISTICS_NORECOMPUTE = OFF, IGNORE_DUP_KEY = OFF, ALLOW_ROW_LOCKS = ON, ALLOW_PAGE_LOCKS = ON)  
ON [PRIMARY]
GO


-- ----------------------------
-- Primary Key structure for table NGUOI_THAN_SDT
-- ----------------------------
ALTER TABLE [dbo].[NGUOI_THAN_SDT] ADD CONSTRAINT [PK__NGUOI_TH__6EB55FB5D4DB733C] PRIMARY KEY CLUSTERED ([MA], [SDT])
WITH (PAD_INDEX = OFF, STATISTICS_NORECOMPUTE = OFF, IGNORE_DUP_KEY = OFF, ALLOW_ROW_LOCKS = ON, ALLOW_PAGE_LOCKS = ON)  
ON [PRIMARY]
GO


-- ----------------------------
-- Primary Key structure for table NHA_SAN_XUAT
-- ----------------------------
ALTER TABLE [dbo].[NHA_SAN_XUAT] ADD CONSTRAINT [PK__NHA_SAN___3214CCBF8DB79C97] PRIMARY KEY CLUSTERED ([MA])
WITH (PAD_INDEX = OFF, STATISTICS_NORECOMPUTE = OFF, IGNORE_DUP_KEY = OFF, ALLOW_ROW_LOCKS = ON, ALLOW_PAGE_LOCKS = ON)  
ON [PRIMARY]
GO


-- ----------------------------
-- Auto increment value for sysdiagrams
-- ----------------------------
DBCC CHECKIDENT ('[dbo].[sysdiagrams]', RESEED, 1)
GO


-- ----------------------------
-- Uniques structure for table sysdiagrams
-- ----------------------------
ALTER TABLE [dbo].[sysdiagrams] ADD CONSTRAINT [UK_principal_name] UNIQUE NONCLUSTERED ([principal_id] ASC, [name] ASC)
WITH (PAD_INDEX = OFF, STATISTICS_NORECOMPUTE = OFF, IGNORE_DUP_KEY = OFF, ALLOW_ROW_LOCKS = ON, ALLOW_PAGE_LOCKS = ON)  
ON [PRIMARY]
GO


-- ----------------------------
-- Primary Key structure for table sysdiagrams
-- ----------------------------
ALTER TABLE [dbo].[sysdiagrams] ADD CONSTRAINT [PK__sysdiagr__C2B05B61243D5726] PRIMARY KEY CLUSTERED ([diagram_id])
WITH (PAD_INDEX = OFF, STATISTICS_NORECOMPUTE = OFF, IGNORE_DUP_KEY = OFF, ALLOW_ROW_LOCKS = ON, ALLOW_PAGE_LOCKS = ON)  
ON [PRIMARY]
GO


-- ----------------------------
-- Primary Key structure for table TRE_EM
-- ----------------------------
ALTER TABLE [dbo].[TRE_EM] ADD CONSTRAINT [PK__TRE_EM__3214CCBF2A107150] PRIMARY KEY CLUSTERED ([MA])
WITH (PAD_INDEX = OFF, STATISTICS_NORECOMPUTE = OFF, IGNORE_DUP_KEY = OFF, ALLOW_ROW_LOCKS = ON, ALLOW_PAGE_LOCKS = ON)  
ON [PRIMARY]
GO


-- ----------------------------
-- Primary Key structure for table VACCIN
-- ----------------------------
ALTER TABLE [dbo].[VACCIN] ADD CONSTRAINT [PK__VACCIN__3214CCBF073DAA04] PRIMARY KEY CLUSTERED ([MA])
WITH (PAD_INDEX = OFF, STATISTICS_NORECOMPUTE = OFF, IGNORE_DUP_KEY = OFF, ALLOW_ROW_LOCKS = ON, ALLOW_PAGE_LOCKS = ON)  
ON [PRIMARY]
GO


-- ----------------------------
-- Foreign Keys structure for table BAC_SI_SDT
-- ----------------------------
ALTER TABLE [dbo].[BAC_SI_SDT] ADD CONSTRAINT [FK__BAC_SI_SDT__MA__5AEE82B9] FOREIGN KEY ([MA]) REFERENCES [dbo].[BAC_SI] ([MA]) ON DELETE NO ACTION ON UPDATE NO ACTION
GO


-- ----------------------------
-- Foreign Keys structure for table CHI_TIET_LICH_TIEM
-- ----------------------------
ALTER TABLE [dbo].[CHI_TIET_LICH_TIEM] ADD CONSTRAINT [FK__CHI_TIET___MA_LI__5629CD9C] FOREIGN KEY ([MA_LICH_TIEM]) REFERENCES [dbo].[LICH_TIEM] ([MA]) ON DELETE NO ACTION ON UPDATE NO ACTION
GO

ALTER TABLE [dbo].[CHI_TIET_LICH_TIEM] ADD CONSTRAINT [FK__CHI_TIET___MA_BA__571DF1D5] FOREIGN KEY ([MA_BAC_SI]) REFERENCES [dbo].[BAC_SI] ([MA]) ON DELETE NO ACTION ON UPDATE NO ACTION
GO

ALTER TABLE [dbo].[CHI_TIET_LICH_TIEM] ADD CONSTRAINT [FK__CHI_TIET___MA_KH__5812160E] FOREIGN KEY ([MA_KHACH_HANG]) REFERENCES [dbo].[KHACH_HANG] ([MA]) ON DELETE NO ACTION ON UPDATE NO ACTION
GO


-- ----------------------------
-- Foreign Keys structure for table CHI_TIET_VACCIN
-- ----------------------------
ALTER TABLE [dbo].[CHI_TIET_VACCIN] ADD CONSTRAINT [FK__CHI_TIET___MA_VA__4E88ABD4] FOREIGN KEY ([MA_VACCIN]) REFERENCES [dbo].[VACCIN] ([MA]) ON DELETE NO ACTION ON UPDATE NO ACTION
GO


-- ----------------------------
-- Foreign Keys structure for table LICH_TIEM
-- ----------------------------
ALTER TABLE [dbo].[LICH_TIEM] ADD CONSTRAINT [FK__LICH_TIEM__MA_VA__52593CB8] FOREIGN KEY ([MA_VACCIN]) REFERENCES [dbo].[VACCIN] ([MA]) ON DELETE NO ACTION ON UPDATE NO ACTION
GO


-- ----------------------------
-- Foreign Keys structure for table NGUOI_LON
-- ----------------------------
ALTER TABLE [dbo].[NGUOI_LON] ADD CONSTRAINT [FK__NGUOI_LON__MA__0B91BA14] FOREIGN KEY ([MA]) REFERENCES [dbo].[KHACH_HANG] ([MA]) ON DELETE NO ACTION ON UPDATE NO ACTION
GO


-- ----------------------------
-- Foreign Keys structure for table NGUOI_THAN_SDT
-- ----------------------------
ALTER TABLE [dbo].[NGUOI_THAN_SDT] ADD CONSTRAINT [FK__NGUOI_THAN_S__MA__0E6E26BF] FOREIGN KEY ([MA]) REFERENCES [dbo].[NGUOI_THAN] ([MA]) ON DELETE NO ACTION ON UPDATE NO ACTION
GO


-- ----------------------------
-- Foreign Keys structure for table TRE_EM
-- ----------------------------
ALTER TABLE [dbo].[TRE_EM] ADD CONSTRAINT [FK__TRE_EM__MA__00200768] FOREIGN KEY ([MA]) REFERENCES [dbo].[KHACH_HANG] ([MA]) ON DELETE NO ACTION ON UPDATE NO ACTION
GO

ALTER TABLE [dbo].[TRE_EM] ADD CONSTRAINT [FK__TRE_EM__MA_NGUOI__01142BA1] FOREIGN KEY ([MA_NGUOI_THAN]) REFERENCES [dbo].[NGUOI_THAN] ([MA]) ON DELETE NO ACTION ON UPDATE NO ACTION
GO


-- ----------------------------
-- Foreign Keys structure for table VACCIN
-- ----------------------------
ALTER TABLE [dbo].[VACCIN] ADD CONSTRAINT [FK__VACCIN__MA_NHA_S__47DBAE45] FOREIGN KEY ([MA_NHA_SAN_XUAT]) REFERENCES [dbo].[NHA_SAN_XUAT] ([MA]) ON DELETE NO ACTION ON UPDATE NO ACTION
GO

